,supplier_name,en_account_type,alerts_ratability,en_allocation_status,percentage_allocation,account_type,base_gallons,beginning_gallons,supplier_terminal_name,lifted_gallons,remaining_gallons,additional_gallons_allowed,additional_gallons_remaining,next_refresh_date,next_refresh_base_gallons,product_name,period,batchno,execution_date,staging_id,date
0,Valero,Contract,Below Trend,Available,100%,PILOT TRAVEL CENTE-122194-W/S - Rail,650000,650000,MCKEE RAIL TERMINAL,0,650000,0,0,07/01 00:00:00 EDT,,DSL - LSD/ULSD,Monthly,1,2015-06-02 09:00:49,2337,2015-06-02
1,Valero,Contract,Below Trend,Available,100%,PILOT TRAVEL CENTE-122194-W/S - Rail,650000,650000,MCKEE RAIL TERMINAL,0,650000,0,0,07/01 00:00:00 EDT,,DSL - LSD/ULSD,Monthly,2,2015-06-03 07:43:44,8304,2015-06-03
2,Valero,Contract,Below Trend,Available,100%,PILOT TRAVEL CENTE-122194-W/S - Rail,650000,650000,MCKEE RAIL TERMINAL,0,650000,0,0,07/01 00:00:00 EDT,,DSL - LSD/ULSD,Monthly,1,2015-06-04 05:33:18,11053,2015-06-04
3,Valero,Contract,Below Trend,Available,100%,PILOT TRAVEL CENTE-122194-W/S - Rail,650000,650000,MCKEE RAIL TERMINAL,0,650000,0,0,07/01 00:00:00 EDT,,DSL - LSD/ULSD,Monthly,1,2015-06-05 03:41:12,13533,2015-06-05
4,Valero,Contract,Below Trend,Available,100%,PILOT TRAVEL CENTE-122194-W/S - Rail,650000,650000,MCKEE RAIL TERMINAL,0,650000,0,0,07/01 00:00:00 EDT,,DSL - LSD/ULSD,Monthly,1,2015-06-08 00:45:54,16278,2015-06-08
5,Valero,Contract,Below Trend,Available,100%,PILOT TRAVEL CENTE-122194-W/S - Rail,650000,650000,MCKEE RAIL TERMINAL,0,650000,0,0,07/01 00:00:00 EDT,,DSL - LSD/ULSD,Monthly,1,2015-06-09 07:40:39,18860,2015-06-09
6,Valero,Contract,Below Trend,Available,100%,PILOT TRAVEL CENTE-122194-W/S - Rail,650000,650000,MCKEE RAIL TERMINAL,0,650000,0,0,07/01 00:00:00 EDT,,DSL - LSD/ULSD,Monthly,1,2015-06-10 01:03:49,21732,2015-06-10
7,Valero,Contract,Below Trend,Available,100%,PILOT TRAVEL CENTE-122194-W/S - Rail,650000,650000,MCKEE RAIL TERMINAL,0,650000,0,0,07/01 00:00:00 EDT,,DSL - LSD/ULSD,Monthly,1,2015-06-11 06:24:07,24601,2015-06-11
8,Valero,Contract,Below Trend,Available,100%,PILOT TRAVEL CENTE-122194-W/S - Rail,650000,650000,MCKEE RAIL TERMINAL,0,650000,0,0,07/01 00:00:00 EDT,,DSL - LSD/ULSD,Monthly,9,2015-06-13 23:46:03,50594,2015-06-13
9,Valero,Contract,Below Trend,Available,100%,PILOT TRAVEL CENTE-122194-W/S - Rail,650000,650000,MCKEE RAIL TERMINAL,0,650000,0,0,07/01 00:00:00 EDT,,DSL - LSD/ULSD,Monthly,9,2015-06-14 23:46:06,70378,2015-06-14
10,Valero,Contract,Below Trend,Available,100%,PILOT TRAVEL CENTE-122194-W/S - Rail,650000,650000,MCKEE RAIL TERMINAL,0,650000,0,0,07/01 00:00:00 EDT,,DSL - LSD/ULSD,Monthly,10,2015-06-15 23:46:04,101003,2015-06-15
11,Valero,Contract,Below Trend,Available,100%,PILOT TRAVEL CENTE-122194-W/S - Rail,650000,650000,MCKEE RAIL TERMINAL,0,650000,0,0,07/01 00:00:00 EDT,,DSL - LSD/ULSD,Monthly,10,2015-06-16 23:46:02,123250,2015-06-16
12,Valero,Contract,Below Trend,Available,100%,PILOT TRAVEL CENTE-122194-W/S - Rail,650000,650000,MCKEE RAIL TERMINAL,0,650000,0,0,07/01 00:00:00 EDT,,DSL - LSD/ULSD,Monthly,10,2015-06-17 23:46:06,141856,2015-06-17
13,Valero,Contract,Below Trend,Available,100%,PILOT TRAVEL CENTE-122194-W/S - Rail,650000,650000,MCKEE RAIL TERMINAL,0,650000,0,0,07/01 00:00:00 EDT,,DSL - LSD/ULSD,Monthly,10,2015-06-18 23:46:03,160623,2015-06-18
14,Valero,Contract,Below Trend,Available,100%,PILOT TRAVEL CENTE-122194-W/S - Rail,650000,650000,MCKEE RAIL TERMINAL,0,650000,0,0,07/01 00:00:00 EDT,,DSL - LSD/ULSD,Monthly,8,2015-06-19 23:46:02,177057,2015-06-19
15,Valero,Contract,Below Trend,Available,100%,PILOT TRAVEL CENTE-122194-W/S - Rail,650000,650000,MCKEE RAIL TERMINAL,0,650000,0,0,07/01 00:00:00 EDT,,DSL - LSD/ULSD,Monthly,8,2015-06-20 20:46:03,190023,2015-06-20
16,Valero,Contract,Below Trend,Available,100%,PILOT TRAVEL CENTE-122194-W/S - Rail,650000,650000,MCKEE RAIL TERMINAL,0,650000,0,0,07/01 00:00:00 EDT,,DSL - LSD/ULSD,Monthly,7,2015-06-21 23:46:04,216840,2015-06-21
17,Valero,Contract,Below Trend,Available,100%,PILOT TRAVEL CENTE-122194-W/S - Rail,650000,650000,MCKEE RAIL TERMINAL,0,650000,0,0,07/01 00:00:00 EDT,,DSL - LSD/ULSD,Monthly,8,2015-06-22 20:46:04,237972,2015-06-22
18,Valero,Contract,Below Trend,Available,100%,PILOT TRAVEL CENTE-122194-W/S - Rail,650000,650000,MCKEE RAIL TERMINAL,0,650000,0,0,07/01 00:00:00 EDT,,DSL - LSD/ULSD,Monthly,16,2015-06-23 23:46:01,277754,2015-06-23
19,Valero,Contract,Below Trend,Available,100%,PILOT TRAVEL CENTE-122194-W/S - Rail,650000,650000,MCKEE RAIL TERMINAL,0,650000,0,0,07/01 00:00:00 EDT,,DSL - LSD/ULSD,Monthly,11,2015-06-24 23:45:09,308084,2015-06-24
20,Valero,Contract,Below Trend,Available,100%,PILOT TRAVEL CENTE-122194-W/S - Rail,650000,650000,MCKEE RAIL TERMINAL,0,650000,0,0,07/01 00:00:00 EDT,,DSL - LSD/ULSD,Monthly,10,2015-06-25 20:45:09,336352,2015-06-25
21,Valero,Contract,Below Trend,Available,100%,PILOT TRAVEL CENTE-122194-W/S - Rail,650000,650000,MCKEE RAIL TERMINAL,0,650000,0,0,07/01 00:00:00 EDT,,DSL - LSD/ULSD,Monthly,11,2015-06-26 23:45:10,368571,2015-06-26
22,Valero,Contract,Below Trend,Available,100%,PILOT TRAVEL CENTE-122194-W/S - Rail,650000,650000,MCKEE RAIL TERMINAL,0,650000,0,0,07/01 00:00:00 EDT,,DSL - LSD/ULSD,Monthly,10,2015-06-27 23:45:10,395653,2015-06-27
23,Valero,Contract,Below Trend,Available,100%,PILOT TRAVEL CENTE-122194-W/S - Rail,650000,650000,MCKEE RAIL TERMINAL,0,650000,0,0,07/01 00:00:00 EDT,,DSL - LSD/ULSD,Monthly,10,2015-06-28 23:45:10,420014,2015-06-28
24,Valero,Contract,Below Trend,Available,100%,PILOT TRAVEL CENTE-122194-W/S - Rail,650000,650000,MCKEE RAIL TERMINAL,0,650000,0,0,07/01 00:00:00 EDT,,DSL - LSD/ULSD,Monthly,10,2015-06-29 23:45:12,450826,2015-06-29
25,Valero,Contract,Below Trend,Available,100%,PILOT TRAVEL CENTE-122194-W/S - Rail,650000,650000,MCKEE RAIL TERMINAL,0,650000,0,0,07/01 00:00:00 EDT,,DSL - LSD/ULSD,Monthly,7,2015-06-30 23:45:10,477491,2015-06-30
26,Valero,Contract,Below Trend,Out,100%,PILOT TRAVEL CENTE-122194-W/S - UNB Contract,0,0,JP Energy - Little Rock (B004),0,0,0,0,07/01 00:00:00 CDT,,DSL - LSD/ULSD,Monthly,1,2015-06-02 09:00:49,1930,2015-06-02
27,Valero,Contract,Below Trend,Out,100%,PILOT TRAVEL CENTE-122194-W/S - UNB Contract,0,0,JP Energy - Little Rock (B004),0,0,0,0,07/01 00:00:00 CDT,,DSL - LSD/ULSD,Monthly,2,2015-06-03 07:43:44,7897,2015-06-03
28,Valero,Contract,Below Trend,Out,100%,PILOT TRAVEL CENTE-122194-W/S - UNB Contract,0,0,JP Energy - Little Rock (B004),0,0,0,0,07/01 00:00:00 CDT,,DSL - LSD/ULSD,Monthly,1,2015-06-04 05:33:18,10642,2015-06-04
29,Valero,Contract,Below Trend,Out,100%,PILOT TRAVEL CENTE-122194-W/S - UNB Contract,0,0,JP Energy - Little Rock (B004),0,0,0,0,07/01 00:00:00 CDT,,DSL - LSD/ULSD,Monthly,1,2015-06-05 03:41:12,13132,2015-06-05
30,Valero,Contract,Below Trend,Out,100%,PILOT TRAVEL CENTE-122194-W/S - UNB Contract,0,0,JP Energy - Little Rock (B004),0,0,0,0,07/01 00:00:00 CDT,,DSL - LSD/ULSD,Monthly,1,2015-06-08 00:45:54,15877,2015-06-08
31,Valero,Contract,Below Trend,Out,100%,PILOT TRAVEL CENTE-122194-W/S - UNB Contract,0,0,JP Energy - Little Rock (B004),0,0,0,0,07/01 00:00:00 CDT,,DSL - LSD/ULSD,Monthly,1,2015-06-09 07:40:39,18459,2015-06-09
32,Valero,Contract,Below Trend,Out,100%,PILOT TRAVEL CENTE-122194-W/S - UNB Contract,0,0,JP Energy - Little Rock (B004),0,0,0,0,07/01 00:00:00 CDT,,DSL - LSD/ULSD,Monthly,1,2015-06-10 01:03:49,21330,2015-06-10
33,Valero,Contract,Below Trend,Out,100%,PILOT TRAVEL CENTE-122194-W/S - UNB Contract,0,0,JP Energy - Little Rock (B004),0,0,0,0,07/01 00:00:00 CDT,,DSL - LSD/ULSD,Monthly,1,2015-06-11 06:24:07,24201,2015-06-11
34,Valero,Contract,Below Trend,Out,100%,PILOT TRAVEL CENTE-122194-W/S - UNB Contract,0,0,JP Energy - Little Rock (B004),0,0,0,0,07/01 00:00:00 CDT,,DSL - LSD/ULSD,Monthly,9,2015-06-13 23:46:03,50194,2015-06-13
35,Valero,Contract,Below Trend,Out,100%,PILOT TRAVEL CENTE-122194-W/S - UNB Contract,0,0,JP Energy - Little Rock (B004),0,0,0,0,07/01 00:00:00 CDT,,DSL - LSD/ULSD,Monthly,9,2015-06-14 23:46:06,69978,2015-06-14
36,Valero,Contract,Below Trend,Out,100%,PILOT TRAVEL CENTE-122194-W/S - UNB Contract,0,0,JP Energy - Little Rock (B004),0,0,0,0,07/01 00:00:00 CDT,,DSL - LSD/ULSD,Monthly,10,2015-06-15 23:46:04,100600,2015-06-15
37,Valero,Contract,Below Trend,Out,100%,PILOT TRAVEL CENTE-122194-W/S - UNB Contract,0,0,JP Energy - Little Rock (B004),0,0,0,0,07/01 00:00:00 CDT,,DSL - LSD/ULSD,Monthly,10,2015-06-16 23:46:02,122847,2015-06-16
38,Valero,Contract,Below Trend,Out,100%,PILOT TRAVEL CENTE-122194-W/S - UNB Contract,0,0,JP Energy - Little Rock (B004),0,0,0,0,07/01 00:00:00 CDT,,DSL - LSD/ULSD,Monthly,10,2015-06-17 23:46:06,141454,2015-06-17
39,Valero,Contract,Below Trend,Out,100%,PILOT TRAVEL CENTE-122194-W/S - UNB Contract,0,0,JP Energy - Little Rock (B004),0,0,0,0,07/01 00:00:00 CDT,,DSL - LSD/ULSD,Monthly,10,2015-06-18 23:46:03,160221,2015-06-18
40,Valero,Contract,Below Trend,Out,100%,PILOT TRAVEL CENTE-122194-W/S - UNB Contract,0,0,JP Energy - Little Rock (B004),0,0,0,0,07/01 00:00:00 CDT,,DSL - LSD/ULSD,Monthly,8,2015-06-19 23:46:02,176656,2015-06-19
41,Valero,Contract,Below Trend,Out,100%,PILOT TRAVEL CENTE-122194-W/S - UNB Contract,0,0,JP Energy - Little Rock (B004),0,0,0,0,07/01 00:00:00 CDT,,DSL - LSD/ULSD,Monthly,8,2015-06-20 20:46:03,189623,2015-06-20
42,Valero,Contract,Below Trend,Out,100%,PILOT TRAVEL CENTE-122194-W/S - UNB Contract,0,0,JP Energy - Little Rock (B004),0,0,0,0,07/01 00:00:00 CDT,,DSL - LSD/ULSD,Monthly,7,2015-06-21 23:46:04,216440,2015-06-21
43,Valero,Contract,Below Trend,Out,100%,PILOT TRAVEL CENTE-122194-W/S - UNB Contract,0,0,JP Energy - Little Rock (B004),0,0,0,0,07/01 00:00:00 CDT,,DSL - LSD/ULSD,Monthly,8,2015-06-22 20:46:04,237572,2015-06-22
44,Valero,Contract,Below Trend,Out,100%,PILOT TRAVEL CENTE-122194-W/S - UNB Contract,0,0,JP Energy - Little Rock (B004),0,0,0,0,07/01 00:00:00 CDT,,DSL - LSD/ULSD,Monthly,16,2015-06-23 23:46:01,277351,2015-06-23
45,Valero,Contract,Below Trend,Out,100%,PILOT TRAVEL CENTE-122194-W/S - UNB Contract,0,0,JP Energy - Little Rock (B004),0,0,0,0,07/01 00:00:00 CDT,,DSL - LSD/ULSD,Monthly,11,2015-06-24 23:45:09,307682,2015-06-24
46,Valero,Contract,Below Trend,Out,100%,PILOT TRAVEL CENTE-122194-W/S - UNB Contract,0,0,JP Energy - Little Rock (B004),0,0,0,0,07/01 00:00:00 CDT,,DSL - LSD/ULSD,Monthly,10,2015-06-25 20:45:09,335951,2015-06-25
47,Valero,Contract,Below Trend,Out,100%,PILOT TRAVEL CENTE-122194-W/S - UNB Contract,0,0,JP Energy - Little Rock (B004),0,0,0,0,07/01 00:00:00 CDT,,DSL - LSD/ULSD,Monthly,11,2015-06-26 23:45:10,368170,2015-06-26
48,Valero,Contract,Below Trend,Out,100%,PILOT TRAVEL CENTE-122194-W/S - UNB Contract,0,0,JP Energy - Little Rock (B004),0,0,0,0,07/01 00:00:00 CDT,,DSL - LSD/ULSD,Monthly,10,2015-06-27 23:45:10,395252,2015-06-27
49,Valero,Contract,Below Trend,Out,100%,PILOT TRAVEL CENTE-122194-W/S - UNB Contract,0,0,JP Energy - Little Rock (B004),0,0,0,0,07/01 00:00:00 CDT,,DSL - LSD/ULSD,Monthly,10,2015-06-28 23:45:10,419613,2015-06-28
50,Valero,Contract,Below Trend,Out,100%,PILOT TRAVEL CENTE-122194-W/S - UNB Contract,0,0,JP Energy - Little Rock (B004),0,0,0,0,07/01 00:00:00 CDT,,DSL - LSD/ULSD,Monthly,10,2015-06-29 23:45:12,450425,2015-06-29
51,Valero,Contract,Below Trend,Out,100%,PILOT TRAVEL CENTE-122194-W/S - UNB Contract,0,0,JP Energy - Little Rock (B004),0,0,0,0,07/01 00:00:00 CDT,,DSL - LSD/ULSD,Monthly,7,2015-06-30 23:45:10,477090,2015-06-30
52,Valero,Contract,Below Trend,Available,100%,PILOT TRAVEL CENTE-122194-W/S - UNB Contract,63000,63000,Magellan - Dallas/Singleton (B645),0,63000,0,0,06/03 00:00:00 CDT,,DSL - LSD/ULSD,Daily,1,2015-06-02 09:00:49,2188,2015-06-02
53,Valero,Contract,Below Trend,Available,100%,PILOT TRAVEL CENTE-122194-W/S - UNB Contract,63000,63000,Magellan - Dallas/Singleton (B645),0,63000,0,0,06/04 00:00:00 CDT,,DSL - LSD/ULSD,Daily,2,2015-06-03 07:43:44,8154,2015-06-03
54,Valero,Contract,Below Trend,Available,100%,PILOT TRAVEL CENTE-122194-W/S - UNB Contract,63000,63000,Magellan - Dallas/Singleton (B645),0,63000,0,0,06/05 00:00:00 CDT,,DSL - LSD/ULSD,Daily,1,2015-06-04 05:33:18,10904,2015-06-04
55,Valero,Contract,Below Trend,Available,100%,PILOT TRAVEL CENTE-122194-W/S - UNB Contract,63000,63000,Magellan - Dallas/Singleton (B645),0,63000,0,0,06/06 00:00:00 CDT,,DSL - LSD/ULSD,Daily,1,2015-06-05 03:41:12,13384,2015-06-05
56,Valero,Contract,Below Trend,Available,100%,PILOT TRAVEL CENTE-122194-W/S - UNB Contract,63000,63000,Magellan - Dallas/Singleton (B645),0,63000,0,0,06/08 00:00:00 CDT,,DSL - LSD/ULSD,Daily,1,2015-06-08 00:45:54,16129,2015-06-08
57,Valero,Contract,Below Trend,Available,100%,PILOT TRAVEL CENTE-122194-W/S - UNB Contract,63000,63000,Magellan - Dallas/Singleton (B645),0,63000,0,0,06/10 00:00:00 CDT,,DSL - LSD/ULSD,Daily,1,2015-06-09 07:40:39,18711,2015-06-09
58,Valero,Contract,Below Trend,Available,100%,PILOT TRAVEL CENTE-122194-W/S - UNB Contract,63000,63000,Magellan - Dallas/Singleton (B645),7499,55501,0,0,06/10 00:00:00 CDT,,DSL - LSD/ULSD,Daily,1,2015-06-10 01:03:49,21583,2015-06-10
59,Valero,Contract,Below Trend,Available,100%,PILOT TRAVEL CENTE-122194-W/S - UNB Contract,63000,63000,Magellan - Dallas/Singleton (B645),0,63000,0,0,06/12 00:00:00 CDT,,DSL - LSD/ULSD,Daily,1,2015-06-11 06:24:07,24452,2015-06-11
60,Valero,Contract,Below Trend,Available,100%,PILOT TRAVEL CENTE-122194-W/S - UNB Contract,63000,63000,Magellan - Dallas/Singleton (B645),0,63000,0,0,06/14 00:00:00 CDT,,DSL - LSD/ULSD,Daily,9,2015-06-13 23:46:03,50445,2015-06-13
61,Valero,Contract,Below Trend,Available,100%,PILOT TRAVEL CENTE-122194-W/S - UNB Contract,63000,63000,Magellan - Dallas/Singleton (B645),0,63000,0,0,06/15 00:00:00 CDT,,DSL - LSD/ULSD,Daily,9,2015-06-14 23:46:06,70229,2015-06-14
62,Valero,Contract,Below Trend,Available,100%,PILOT TRAVEL CENTE-122194-W/S - UNB Contract,63000,63000,Magellan - Dallas/Singleton (B645),7500,55500,0,0,06/16 00:00:00 CDT,,DSL - LSD/ULSD,Daily,10,2015-06-15 23:46:04,100854,2015-06-15
63,Valero,Contract,Below Trend,Available,100%,PILOT TRAVEL CENTE-122194-W/S - UNB Contract,63000,63000,Magellan - Dallas/Singleton (B645),15000,48000,0,0,06/17 00:00:00 CDT,,DSL - LSD/ULSD,Daily,10,2015-06-16 23:46:02,123101,2015-06-16
64,Valero,Contract,Below Trend,Available,100%,PILOT TRAVEL CENTE-122194-W/S - UNB Contract,63000,63000,Magellan - Dallas/Singleton (B645),0,63000,0,0,06/18 00:00:00 CDT,,DSL - LSD/ULSD,Daily,10,2015-06-17 23:46:06,141707,2015-06-17
65,Valero,Contract,Below Trend,Available,100%,PILOT TRAVEL CENTE-122194-W/S - UNB Contract,63000,63000,Magellan - Dallas/Singleton (B645),0,63000,0,0,06/19 00:00:00 CDT,,DSL - LSD/ULSD,Daily,10,2015-06-18 23:46:03,160474,2015-06-18
66,Valero,Contract,Below Trend,Available,100%,PILOT TRAVEL CENTE-122194-W/S - UNB Contract,63000,63000,Magellan - Dallas/Singleton (B645),0,63000,0,0,06/20 00:00:00 CDT,,DSL - LSD/ULSD,Daily,8,2015-06-19 23:46:02,176908,2015-06-19
67,Valero,Contract,Below Trend,Available,100%,PILOT TRAVEL CENTE-122194-W/S - UNB Contract,63000,63000,Magellan - Dallas/Singleton (B645),0,63000,0,0,06/21 00:00:00 CDT,,DSL - LSD/ULSD,Daily,8,2015-06-20 20:46:03,189874,2015-06-20
68,Valero,Contract,Below Trend,Available,100%,PILOT TRAVEL CENTE-122194-W/S - UNB Contract,63000,63000,Magellan - Dallas/Singleton (B645),0,63000,0,0,06/22 00:00:00 CDT,,DSL - LSD/ULSD,Daily,7,2015-06-21 23:46:04,216691,2015-06-21
69,Valero,Contract,Below Trend,Available,100%,PILOT TRAVEL CENTE-122194-W/S - UNB Contract,63000,63000,Magellan - Dallas/Singleton (B645),0,63000,0,0,06/23 00:00:00 CDT,,DSL - LSD/ULSD,Daily,8,2015-06-22 20:46:04,237823,2015-06-22
70,Valero,Contract,Below Trend,Available,100%,PILOT TRAVEL CENTE-122194-W/S - UNB Contract,63000,63000,Magellan - Dallas/Singleton (B645),7499,55501,0,0,06/24 00:00:00 CDT,,DSL - LSD/ULSD,Daily,16,2015-06-23 23:46:01,277605,2015-06-23
71,Valero,Contract,Below Trend,Available,100%,PILOT TRAVEL CENTE-122194-W/S - UNB Contract,63000,63000,Magellan - Dallas/Singleton (B645),0,63000,0,0,06/25 00:00:00 CDT,,DSL - LSD/ULSD,Daily,11,2015-06-24 23:45:09,307935,2015-06-24
72,Valero,Contract,Below Trend,Available,100%,PILOT TRAVEL CENTE-122194-W/S - UNB Contract,63000,63000,Magellan - Dallas/Singleton (B645),0,63000,0,0,06/26 00:00:00 CDT,,DSL - LSD/ULSD,Daily,10,2015-06-25 20:45:09,336203,2015-06-25
73,Valero,Contract,Below Trend,Available,100%,PILOT TRAVEL CENTE-122194-W/S - UNB Contract,63000,63000,Magellan - Dallas/Singleton (B645),0,63000,0,0,06/27 00:00:00 CDT,,DSL - LSD/ULSD,Daily,11,2015-06-26 23:45:10,368422,2015-06-26
74,Valero,Contract,Below Trend,Available,100%,PILOT TRAVEL CENTE-122194-W/S - UNB Contract,63000,63000,Magellan - Dallas/Singleton (B645),0,63000,0,0,06/28 00:00:00 CDT,,DSL - LSD/ULSD,Daily,10,2015-06-27 23:45:10,395504,2015-06-27
75,Valero,Contract,Below Trend,Available,100%,PILOT TRAVEL CENTE-122194-W/S - UNB Contract,63000,63000,Magellan - Dallas/Singleton (B645),0,63000,0,0,06/29 00:00:00 CDT,,DSL - LSD/ULSD,Daily,10,2015-06-28 23:45:10,419865,2015-06-28
76,Valero,Contract,Below Trend,Available,100%,PILOT TRAVEL CENTE-122194-W/S - UNB Contract,63000,63000,Magellan - Dallas/Singleton (B645),0,63000,0,0,06/30 00:00:00 CDT,,DSL - LSD/ULSD,Daily,10,2015-06-29 23:45:12,450678,2015-06-29
77,Valero,Contract,Below Trend,Available,100%,PILOT TRAVEL CENTE-122194-W/S - UNB Contract,63000,63000,Magellan - Dallas/Singleton (B645),0,63000,0,0,07/01 00:00:00 CDT,,DSL - LSD/ULSD,Daily,7,2015-06-30 23:45:10,477343,2015-06-30
78,Valero,Contract,Below Trend,Out,200%,PILOT TRAVEL CENTE-122194-W/S - UNB Contract,0,0,Nustar - Abernathy (B339),0,0,0,0,06/03 00:00:00 CDT,,DSL - LSD/ULSD,Daily,1,2015-06-02 09:00:49,2378,2015-06-02
79,Valero,Contract,Below Trend,Out,125%,PILOT TRAVEL CENTE-122194-W/S - UNB Contract,0,0,Nustar - Abernathy (B339),0,0,0,0,07/01 00:00:00 CDT,,DSL - LSD/ULSD,Monthly,1,2015-06-02 09:00:49,2380,2015-06-02
80,Valero,Contract,Below Trend,Out,200%,PILOT TRAVEL CENTE-122194-W/S - UNB Contract,0,0,Nustar - Abernathy (B339),0,0,0,0,06/04 00:00:00 CDT,,DSL - LSD/ULSD,Daily,2,2015-06-03 07:43:44,8345,2015-06-03
81,Valero,Contract,Below Trend,Out,125%,PILOT TRAVEL CENTE-122194-W/S - UNB Contract,0,0,Nustar - Abernathy (B339),0,0,0,0,07/01 00:00:00 CDT,,DSL - LSD/ULSD,Monthly,2,2015-06-03 07:43:44,8347,2015-06-03
82,Valero,Contract,Below Trend,Out,200%,PILOT TRAVEL CENTE-122194-W/S - UNB Contract,0,0,Nustar - Abernathy (B339),0,0,0,0,06/05 00:00:00 CDT,,DSL - LSD/ULSD,Daily,1,2015-06-04 05:33:18,11094,2015-06-04
83,Valero,Contract,Below Trend,Out,125%,PILOT TRAVEL CENTE-122194-W/S - UNB Contract,0,0,Nustar - Abernathy (B339),0,0,0,0,07/01 00:00:00 CDT,,DSL - LSD/ULSD,Monthly,1,2015-06-04 05:33:18,11096,2015-06-04
84,Valero,Contract,Below Trend,Out,200%,PILOT TRAVEL CENTE-122194-W/S - UNB Contract,0,0,Nustar - Abernathy (B339),0,0,0,0,06/06 00:00:00 CDT,,DSL - LSD/ULSD,Daily,1,2015-06-05 03:41:12,13574,2015-06-05
85,Valero,Contract,Below Trend,Out,125%,PILOT TRAVEL CENTE-122194-W/S - UNB Contract,0,0,Nustar - Abernathy (B339),0,0,0,0,07/01 00:00:00 CDT,,DSL - LSD/ULSD,Monthly,1,2015-06-05 03:41:12,13576,2015-06-05
86,Valero,Contract,Below Trend,Out,200%,PILOT TRAVEL CENTE-122194-W/S - UNB Contract,0,0,Nustar - Abernathy (B339),0,0,0,0,06/08 00:00:00 CDT,,DSL - LSD/ULSD,Daily,1,2015-06-08 00:45:54,16319,2015-06-08
87,Valero,Contract,Below Trend,Out,125%,PILOT TRAVEL CENTE-122194-W/S - UNB Contract,0,0,Nustar - Abernathy (B339),0,0,0,0,07/01 00:00:00 CDT,,DSL - LSD/ULSD,Monthly,1,2015-06-08 00:45:54,16321,2015-06-08
88,Valero,Contract,Below Trend,Out,200%,PILOT TRAVEL CENTE-122194-W/S - UNB Contract,0,0,Nustar - Abernathy (B339),0,0,0,0,06/10 00:00:00 CDT,,DSL - LSD/ULSD,Daily,1,2015-06-09 07:40:39,18901,2015-06-09
89,Valero,Contract,Below Trend,Out,125%,PILOT TRAVEL CENTE-122194-W/S - UNB Contract,0,0,Nustar - Abernathy (B339),0,0,0,0,07/01 00:00:00 CDT,,DSL - LSD/ULSD,Monthly,1,2015-06-09 07:40:39,18903,2015-06-09
90,Valero,Contract,Below Trend,Out,200%,PILOT TRAVEL CENTE-122194-W/S - UNB Contract,0,0,Nustar - Abernathy (B339),0,0,0,0,06/10 00:00:00 CDT,,DSL - LSD/ULSD,Daily,1,2015-06-10 01:03:49,21773,2015-06-10
91,Valero,Contract,Below Trend,Out,125%,PILOT TRAVEL CENTE-122194-W/S - UNB Contract,0,0,Nustar - Abernathy (B339),0,0,0,0,07/01 00:00:00 CDT,,DSL - LSD/ULSD,Monthly,1,2015-06-10 01:03:49,21775,2015-06-10
92,Valero,Contract,Below Trend,Out,200%,PILOT TRAVEL CENTE-122194-W/S - UNB Contract,0,0,Nustar - Abernathy (B339),0,0,0,0,06/12 00:00:00 CDT,,DSL - LSD/ULSD,Daily,1,2015-06-11 06:24:07,24642,2015-06-11
93,Valero,Contract,Below Trend,Out,125%,PILOT TRAVEL CENTE-122194-W/S - UNB Contract,0,0,Nustar - Abernathy (B339),0,0,0,0,07/01 00:00:00 CDT,,DSL - LSD/ULSD,Monthly,1,2015-06-11 06:24:07,24644,2015-06-11
94,Valero,Contract,Below Trend,Out,200%,PILOT TRAVEL CENTE-122194-W/S - UNB Contract,0,0,Nustar - Abernathy (B339),0,0,0,0,06/14 00:00:00 CDT,,DSL - LSD/ULSD,Daily,9,2015-06-13 23:46:03,50635,2015-06-13
95,Valero,Contract,Below Trend,Out,125%,PILOT TRAVEL CENTE-122194-W/S - UNB Contract,0,0,Nustar - Abernathy (B339),0,0,0,0,07/01 00:00:00 CDT,,DSL - LSD/ULSD,Monthly,9,2015-06-13 23:46:03,50637,2015-06-13
96,Valero,Contract,Below Trend,Out,200%,PILOT TRAVEL CENTE-122194-W/S - UNB Contract,0,0,Nustar - Abernathy (B339),0,0,0,0,06/15 00:00:00 CDT,,DSL - LSD/ULSD,Daily,9,2015-06-14 23:46:06,70419,2015-06-14
97,Valero,Contract,Below Trend,Out,125%,PILOT TRAVEL CENTE-122194-W/S - UNB Contract,0,0,Nustar - Abernathy (B339),0,0,0,0,07/01 00:00:00 CDT,,DSL - LSD/ULSD,Monthly,9,2015-06-14 23:46:06,70421,2015-06-14
98,Valero,Contract,Below Trend,Out,200%,PILOT TRAVEL CENTE-122194-W/S - UNB Contract,0,0,Nustar - Abernathy (B339),0,0,0,0,06/16 00:00:00 CDT,,DSL - LSD/ULSD,Daily,10,2015-06-15 23:46:04,101044,2015-06-15
99,Valero,Contract,Below Trend,Out,125%,PILOT TRAVEL CENTE-122194-W/S - UNB Contract,0,0,Nustar - Abernathy (B339),0,0,0,0,07/01 00:00:00 CDT,,DSL - LSD/ULSD,Monthly,10,2015-06-15 23:46:04,101046,2015-06-15
100,Valero,Contract,Below Trend,Out,200%,PILOT TRAVEL CENTE-122194-W/S - UNB Contract,0,0,Nustar - Abernathy (B339),0,0,0,0,06/17 00:00:00 CDT,,DSL - LSD/ULSD,Daily,10,2015-06-16 23:46:02,123291,2015-06-16
101,Valero,Contract,Below Trend,Out,125%,PILOT TRAVEL CENTE-122194-W/S - UNB Contract,0,0,Nustar - Abernathy (B339),0,0,0,0,07/01 00:00:00 CDT,,DSL - LSD/ULSD,Monthly,10,2015-06-16 23:46:02,123293,2015-06-16
102,Valero,Contract,Below Trend,Out,200%,PILOT TRAVEL CENTE-122194-W/S - UNB Contract,0,0,Nustar - Abernathy (B339),0,0,0,0,06/18 00:00:00 CDT,,DSL - LSD/ULSD,Daily,10,2015-06-17 23:46:06,141897,2015-06-17
103,Valero,Contract,Below Trend,Out,125%,PILOT TRAVEL CENTE-122194-W/S - UNB Contract,0,0,Nustar - Abernathy (B339),0,0,0,0,07/01 00:00:00 CDT,,DSL - LSD/ULSD,Monthly,10,2015-06-17 23:46:06,141899,2015-06-17
104,Valero,Contract,Below Trend,Out,200%,PILOT TRAVEL CENTE-122194-W/S - UNB Contract,0,0,Nustar - Abernathy (B339),0,0,0,0,06/19 00:00:00 CDT,,DSL - LSD/ULSD,Daily,10,2015-06-18 23:46:03,160664,2015-06-18
105,Valero,Contract,Below Trend,Out,125%,PILOT TRAVEL CENTE-122194-W/S - UNB Contract,0,0,Nustar - Abernathy (B339),0,0,0,0,07/01 00:00:00 CDT,,DSL - LSD/ULSD,Monthly,10,2015-06-18 23:46:03,160666,2015-06-18
106,Valero,Contract,Below Trend,Out,200%,PILOT TRAVEL CENTE-122194-W/S - UNB Contract,0,0,Nustar - Abernathy (B339),0,0,0,0,06/20 00:00:00 CDT,,DSL - LSD/ULSD,Daily,8,2015-06-19 23:46:02,177098,2015-06-19
107,Valero,Contract,Below Trend,Out,125%,PILOT TRAVEL CENTE-122194-W/S - UNB Contract,0,0,Nustar - Abernathy (B339),0,0,0,0,07/01 00:00:00 CDT,,DSL - LSD/ULSD,Monthly,8,2015-06-19 23:46:02,177100,2015-06-19
108,Valero,Contract,Below Trend,Out,200%,PILOT TRAVEL CENTE-122194-W/S - UNB Contract,0,0,Nustar - Abernathy (B339),0,0,0,0,06/21 00:00:00 CDT,,DSL - LSD/ULSD,Daily,8,2015-06-20 20:46:03,190064,2015-06-20
109,Valero,Contract,Below Trend,Out,125%,PILOT TRAVEL CENTE-122194-W/S - UNB Contract,0,0,Nustar - Abernathy (B339),0,0,0,0,07/01 00:00:00 CDT,,DSL - LSD/ULSD,Monthly,8,2015-06-20 20:46:03,190066,2015-06-20
110,Valero,Contract,Below Trend,Out,200%,PILOT TRAVEL CENTE-122194-W/S - UNB Contract,0,0,Nustar - Abernathy (B339),0,0,0,0,06/22 00:00:00 CDT,,DSL - LSD/ULSD,Daily,7,2015-06-21 23:46:04,216881,2015-06-21
111,Valero,Contract,Below Trend,Out,125%,PILOT TRAVEL CENTE-122194-W/S - UNB Contract,0,0,Nustar - Abernathy (B339),0,0,0,0,07/01 00:00:00 CDT,,DSL - LSD/ULSD,Monthly,7,2015-06-21 23:46:04,216883,2015-06-21
112,Valero,Contract,Below Trend,Out,200%,PILOT TRAVEL CENTE-122194-W/S - UNB Contract,0,0,Nustar - Abernathy (B339),0,0,0,0,06/23 00:00:00 CDT,,DSL - LSD/ULSD,Daily,8,2015-06-22 20:46:04,238013,2015-06-22
113,Valero,Contract,Below Trend,Out,125%,PILOT TRAVEL CENTE-122194-W/S - UNB Contract,0,0,Nustar - Abernathy (B339),0,0,0,0,07/01 00:00:00 CDT,,DSL - LSD/ULSD,Monthly,8,2015-06-22 20:46:04,238015,2015-06-22
114,Valero,Contract,Below Trend,Out,200%,PILOT TRAVEL CENTE-122194-W/S - UNB Contract,0,0,Nustar - Abernathy (B339),0,0,0,0,06/24 00:00:00 CDT,,DSL - LSD/ULSD,Daily,16,2015-06-23 23:46:01,277795,2015-06-23
115,Valero,Contract,Below Trend,Out,125%,PILOT TRAVEL CENTE-122194-W/S - UNB Contract,0,0,Nustar - Abernathy (B339),0,0,0,0,07/01 00:00:00 CDT,,DSL - LSD/ULSD,Monthly,16,2015-06-23 23:46:01,277797,2015-06-23
116,Valero,Contract,Below Trend,Out,200%,PILOT TRAVEL CENTE-122194-W/S - UNB Contract,0,0,Nustar - Abernathy (B339),0,0,0,0,06/25 00:00:00 CDT,,DSL - LSD/ULSD,Daily,11,2015-06-24 23:45:09,308125,2015-06-24
117,Valero,Contract,Below Trend,Out,125%,PILOT TRAVEL CENTE-122194-W/S - UNB Contract,0,0,Nustar - Abernathy (B339),0,0,0,0,07/01 00:00:00 CDT,,DSL - LSD/ULSD,Monthly,11,2015-06-24 23:45:09,308127,2015-06-24
118,Valero,Contract,Below Trend,Out,200%,PILOT TRAVEL CENTE-122194-W/S - UNB Contract,0,0,Nustar - Abernathy (B339),0,0,0,0,06/26 00:00:00 CDT,,DSL - LSD/ULSD,Daily,10,2015-06-25 20:45:09,336393,2015-06-25
119,Valero,Contract,Below Trend,Out,125%,PILOT TRAVEL CENTE-122194-W/S - UNB Contract,0,0,Nustar - Abernathy (B339),0,0,0,0,07/01 00:00:00 CDT,,DSL - LSD/ULSD,Monthly,10,2015-06-25 20:45:09,336395,2015-06-25
120,Valero,Contract,Below Trend,Out,200%,PILOT TRAVEL CENTE-122194-W/S - UNB Contract,0,0,Nustar - Abernathy (B339),0,0,0,0,06/27 00:00:00 CDT,,DSL - LSD/ULSD,Daily,11,2015-06-26 23:45:10,368612,2015-06-26
121,Valero,Contract,Below Trend,Out,125%,PILOT TRAVEL CENTE-122194-W/S - UNB Contract,0,0,Nustar - Abernathy (B339),0,0,0,0,07/01 00:00:00 CDT,,DSL - LSD/ULSD,Monthly,11,2015-06-26 23:45:10,368614,2015-06-26
122,Valero,Contract,Below Trend,Out,100%,PILOT TRAVEL CENTE-122194-W/S - UNB Contract,0,0,Nustar - Abernathy (B339),0,0,0,0,06/28 00:00:00 CDT,,DSL - LSD/ULSD,Daily,10,2015-06-27 23:45:10,395694,2015-06-27
123,Valero,Contract,Below Trend,Out,125%,PILOT TRAVEL CENTE-122194-W/S - UNB Contract,0,0,Nustar - Abernathy (B339),0,0,0,0,07/01 00:00:00 CDT,,DSL - LSD/ULSD,Monthly,10,2015-06-27 23:45:10,395696,2015-06-27
124,Valero,Contract,Below Trend,Out,100%,PILOT TRAVEL CENTE-122194-W/S - UNB Contract,0,0,Nustar - Abernathy (B339),0,0,0,0,06/29 00:00:00 CDT,,DSL - LSD/ULSD,Daily,10,2015-06-28 23:45:10,420055,2015-06-28
125,Valero,Contract,Below Trend,Out,125%,PILOT TRAVEL CENTE-122194-W/S - UNB Contract,0,0,Nustar - Abernathy (B339),0,0,0,0,07/01 00:00:00 CDT,,DSL - LSD/ULSD,Monthly,10,2015-06-28 23:45:10,420057,2015-06-28
126,Valero,Contract,Below Trend,Out,100%,PILOT TRAVEL CENTE-122194-W/S - UNB Contract,0,0,Nustar - Abernathy (B339),0,0,0,0,06/30 00:00:00 CDT,,DSL - LSD/ULSD,Daily,10,2015-06-29 23:45:12,450867,2015-06-29
127,Valero,Contract,Below Trend,Out,125%,PILOT TRAVEL CENTE-122194-W/S - UNB Contract,0,0,Nustar - Abernathy (B339),0,0,0,0,07/01 00:00:00 CDT,,DSL - LSD/ULSD,Monthly,10,2015-06-29 23:45:12,450869,2015-06-29
128,Valero,Contract,Below Trend,Out,100%,PILOT TRAVEL CENTE-122194-W/S - UNB Contract,0,0,Nustar - Abernathy (B339),0,0,0,0,07/01 00:00:00 CDT,,DSL - LSD/ULSD,Daily,7,2015-06-30 23:45:10,477532,2015-06-30
129,Valero,Contract,Below Trend,Out,125%,PILOT TRAVEL CENTE-122194-W/S - UNB Contract,0,0,Nustar - Abernathy (B339),0,0,0,0,07/01 00:00:00 CDT,,DSL - LSD/ULSD,Monthly,7,2015-06-30 23:45:10,477534,2015-06-30
130,Valero,Contract,On Track,Available,150%,PILOT TRAVEL CENTE-122194-W/S - UNB Contract,124572,186858,Nustar - Southlake (B345),61616,125242,0,0,06/03 00:00:00 CDT,,DSL - LSD/ULSD,Daily,1,2015-06-02 09:00:49,2438,2015-06-02
131,Valero,Contract,Below Trend,Available,115%,PILOT TRAVEL CENTE-122194-W/S - UNB Contract,3737160,4297734,Nustar - Southlake (B345),107713,4190021,0,0,07/01 00:00:00 CDT,,DSL - LSD/ULSD,Monthly,1,2015-06-02 09:00:49,2440,2015-06-02
132,Valero,Contract,On Track,Available,150%,PILOT TRAVEL CENTE-122194-W/S - UNB Contract,124572,186858,Nustar - Southlake (B345),53681,133177,0,0,06/04 00:00:00 CDT,,DSL - LSD/ULSD,Daily,2,2015-06-03 07:43:44,8410,2015-06-03
133,Valero,Contract,Below Trend,Available,115%,PILOT TRAVEL CENTE-122194-W/S - UNB Contract,3737160,4297734,Nustar - Southlake (B345),230596,4067138,0,0,07/01 00:00:00 CDT,,DSL - LSD/ULSD,Monthly,2,2015-06-03 07:43:44,8412,2015-06-03
134,Valero,Contract,On Track,Available,150%,PILOT TRAVEL CENTE-122194-W/S - UNB Contract,124572,186858,Nustar - Southlake (B345),30712,156146,0,0,06/05 00:00:00 CDT,,DSL - LSD/ULSD,Daily,1,2015-06-04 05:33:18,11159,2015-06-04
135,Valero,Contract,Below Trend,Available,115%,PILOT TRAVEL CENTE-122194-W/S - UNB Contract,3737160,4297734,Nustar - Southlake (B345),337917,3959817,0,0,07/01 00:00:00 CDT,,DSL - LSD/ULSD,Monthly,1,2015-06-04 05:33:18,11161,2015-06-04
136,Valero,Contract,On Track,Available,150%,PILOT TRAVEL CENTE-122194-W/S - UNB Contract,124572,186858,Nustar - Southlake (B345),23882,162976,0,0,06/06 00:00:00 CDT,,DSL - LSD/ULSD,Daily,1,2015-06-05 03:41:12,13631,2015-06-05
137,Valero,Contract,Below Trend,Available,115%,PILOT TRAVEL CENTE-122194-W/S - UNB Contract,3737160,4297734,Nustar - Southlake (B345),492519,3805215,0,0,07/01 00:00:00 CDT,,DSL - LSD/ULSD,Monthly,1,2015-06-05 03:41:12,13633,2015-06-05
138,Valero,Contract,Below Trend,Available,150%,PILOT TRAVEL CENTE-122194-W/S - UNB Contract,124572,186858,Nustar - Southlake (B345),92417,94441,0,0,06/08 00:00:00 CDT,,DSL - LSD/ULSD,Daily,1,2015-06-08 00:45:54,16376,2015-06-08
139,Valero,Contract,Below Trend,Available,115%,PILOT TRAVEL CENTE-122194-W/S - UNB Contract,3737160,4297734,Nustar - Southlake (B345),791713,3506021,0,0,07/01 00:00:00 CDT,,DSL - LSD/ULSD,Monthly,1,2015-06-08 00:45:54,16378,2015-06-08
140,Valero,Contract,On Track,Available,150%,PILOT TRAVEL CENTE-122194-W/S - UNB Contract,124572,186858,Nustar - Southlake (B345),71132,115726,0,0,06/10 00:00:00 CDT,,DSL - LSD/ULSD,Daily,1,2015-06-09 07:40:39,18958,2015-06-09
141,Valero,Contract,On Track,Available,115%,PILOT TRAVEL CENTE-122194-W/S - UNB Contract,3737160,4297734,Nustar - Southlake (B345),1021184,3276550,0,0,07/01 00:00:00 CDT,,DSL - LSD/ULSD,Monthly,1,2015-06-09 07:40:39,18960,2015-06-09
142,Valero,Contract,On Track,Out,150%,PILOT TRAVEL CENTE-122194-W/S - UNB Contract,124572,186858,Nustar - Southlake (B345),187726,-868,0,0,06/10 00:00:00 CDT,,DSL - LSD/ULSD,Daily,1,2015-06-10 01:03:49,21832,2015-06-10
143,Valero,Contract,On Track,Available,115%,PILOT TRAVEL CENTE-122194-W/S - UNB Contract,3737160,4297734,Nustar - Southlake (B345),1137778,3159956,0,0,07/01 00:00:00 CDT,,DSL - LSD/ULSD,Monthly,1,2015-06-10 01:03:49,21834,2015-06-10
144,Valero,Contract,On Track,Available,150%,PILOT TRAVEL CENTE-122194-W/S - UNB Contract,124572,186858,Nustar - Southlake (B345),46387,140471,0,0,06/12 00:00:00 CDT,,DSL - LSD/ULSD,Daily,1,2015-06-11 06:24:07,24701,2015-06-11
145,Valero,Contract,On Track,Available,115%,PILOT TRAVEL CENTE-122194-W/S - UNB Contract,3737160,4297734,Nustar - Southlake (B345),1377367,2920367,0,0,07/01 00:00:00 CDT,,DSL - LSD/ULSD,Monthly,1,2015-06-11 06:24:07,24703,2015-06-11
146,Valero,Contract,Below Trend,Limited,150%,PILOT TRAVEL CENTE-122194-W/S - UNB Contract,124572,186858,Nustar - Southlake (B345),124112,62746,0,0,06/14 00:00:00 CDT,,DSL - LSD/ULSD,Daily,9,2015-06-13 23:46:03,50697,2015-06-13
147,Valero,Contract,On Track,Available,115%,PILOT TRAVEL CENTE-122194-W/S - UNB Contract,3737160,4297734,Nustar - Southlake (B345),1796892,2500842,0,0,07/01 00:00:00 CDT,,DSL - LSD/ULSD,Monthly,9,2015-06-13 23:46:03,50699,2015-06-13
148,Valero,Contract,Below Trend,Available,150%,PILOT TRAVEL CENTE-122194-W/S - UNB Contract,124572,186858,Nustar - Southlake (B345),111182,75676,0,0,06/15 00:00:00 CDT,,DSL - LSD/ULSD,Daily,9,2015-06-14 23:46:06,70481,2015-06-14
149,Valero,Contract,On Track,Available,115%,PILOT TRAVEL CENTE-122194-W/S - UNB Contract,3737160,4297734,Nustar - Southlake (B345),1908074,2389660,0,0,07/01 00:00:00 CDT,,DSL - LSD/ULSD,Monthly,9,2015-06-14 23:46:06,70483,2015-06-14
150,Valero,Contract,On Track,Limited,150%,PILOT TRAVEL CENTE-122194-W/S - UNB Contract,124572,186858,Nustar - Southlake (B345),184360,2498,0,0,06/16 00:00:00 CDT,,DSL - LSD/ULSD,Daily,10,2015-06-15 23:46:04,101106,2015-06-15
151,Valero,Contract,On Track,Available,115%,PILOT TRAVEL CENTE-122194-W/S - UNB Contract,3737160,4297734,Nustar - Southlake (B345),2099934,2197800,0,0,07/01 00:00:00 CDT,,DSL - LSD/ULSD,Monthly,10,2015-06-15 23:46:04,101108,2015-06-15
152,Valero,Contract,On Track,Limited,150%,PILOT TRAVEL CENTE-122194-W/S - UNB Contract,124572,186858,Nustar - Southlake (B345),175429,11429,0,0,06/17 00:00:00 CDT,,DSL - LSD/ULSD,Daily,10,2015-06-16 23:46:02,123353,2015-06-16
153,Valero,Contract,On Track,Available,115%,PILOT TRAVEL CENTE-122194-W/S - UNB Contract,3737160,4297734,Nustar - Southlake (B345),2275363,2022371,0,0,07/01 00:00:00 CDT,,DSL - LSD/ULSD,Monthly,10,2015-06-16 23:46:02,123355,2015-06-16
154,Valero,Contract,On Track,Limited,150%,PILOT TRAVEL CENTE-122194-W/S - UNB Contract,124572,186858,Nustar - Southlake (B345),175591,11267,0,0,06/18 00:00:00 CDT,,DSL - LSD/ULSD,Daily,10,2015-06-17 23:46:06,141959,2015-06-17
155,Valero,Contract,On Track,Available,115%,PILOT TRAVEL CENTE-122194-W/S - UNB Contract,3737160,4297734,Nustar - Southlake (B345),2450954,1846780,0,0,07/01 00:00:00 CDT,,DSL - LSD/ULSD,Monthly,10,2015-06-17 23:46:06,141961,2015-06-17
156,Valero,Contract,On Track,Limited,150%,PILOT TRAVEL CENTE-122194-W/S - UNB Contract,124572,186858,Nustar - Southlake (B345),169118,17740,0,0,06/19 00:00:00 CDT,,DSL - LSD/ULSD,Daily,10,2015-06-18 23:46:03,160727,2015-06-18
157,Valero,Contract,On Track,Available,115%,PILOT TRAVEL CENTE-122194-W/S - UNB Contract,3737160,4297734,Nustar - Southlake (B345),2627572,1670162,0,0,07/01 00:00:00 CDT,,DSL - LSD/ULSD,Monthly,10,2015-06-18 23:46:03,160729,2015-06-18
158,Valero,Contract,Below Trend,Available,150%,PILOT TRAVEL CENTE-122194-W/S - UNB Contract,124572,186858,Nustar - Southlake (B345),115712,71146,0,0,06/20 00:00:00 CDT,,DSL - LSD/ULSD,Daily,8,2015-06-19 23:46:02,177161,2015-06-19
159,Valero,Contract,On Track,Available,115%,PILOT TRAVEL CENTE-122194-W/S - UNB Contract,3737160,4297734,Nustar - Southlake (B345),2758555,1539179,0,0,07/01 00:00:00 CDT,,DSL - LSD/ULSD,Monthly,8,2015-06-19 23:46:02,177163,2015-06-19
160,Valero,Contract,Below Trend,Available,150%,PILOT TRAVEL CENTE-122194-W/S - UNB Contract,124572,186858,Nustar - Southlake (B345),91512,95346,0,0,06/21 00:00:00 CDT,,DSL - LSD/ULSD,Daily,8,2015-06-20 20:46:03,190127,2015-06-20
161,Valero,Contract,On Track,Available,115%,PILOT TRAVEL CENTE-122194-W/S - UNB Contract,3737160,4297734,Nustar - Southlake (B345),2857837,1439897,0,0,07/01 00:00:00 CDT,,DSL - LSD/ULSD,Monthly,8,2015-06-20 20:46:03,190129,2015-06-20
162,Valero,Contract,Below Trend,Limited,150%,PILOT TRAVEL CENTE-122194-W/S - UNB Contract,124572,186858,Nustar - Southlake (B345),124153,62705,0,0,06/22 00:00:00 CDT,,DSL - LSD/ULSD,Daily,7,2015-06-21 23:46:04,216944,2015-06-21
163,Valero,Contract,On Track,Available,115%,PILOT TRAVEL CENTE-122194-W/S - UNB Contract,3737160,4297734,Nustar - Southlake (B345),2981990,1315744,0,0,07/01 00:00:00 CDT,,DSL - LSD/ULSD,Monthly,7,2015-06-21 23:46:04,216946,2015-06-21
164,Valero,Contract,Below Trend,Limited,150%,PILOT TRAVEL CENTE-122194-W/S - UNB Contract,124572,186858,Nustar - Southlake (B345),124932,61926,0,0,06/23 00:00:00 CDT,,DSL - LSD/ULSD,Daily,8,2015-06-22 20:46:04,238075,2015-06-22
165,Valero,Contract,On Track,Available,115%,PILOT TRAVEL CENTE-122194-W/S - UNB Contract,3737160,4297734,Nustar - Southlake (B345),3121922,1175812,0,0,07/01 00:00:00 CDT,,DSL - LSD/ULSD,Monthly,8,2015-06-22 20:46:04,238077,2015-06-22
166,Valero,Contract,On Track,Out,150%,PILOT TRAVEL CENTE-122194-W/S - UNB Contract,124572,186858,Nustar - Southlake (B345),187066,-208,0,0,06/24 00:00:00 CDT,,DSL - LSD/ULSD,Daily,16,2015-06-23 23:46:01,277857,2015-06-23
167,Valero,Contract,On Track,Available,115%,PILOT TRAVEL CENTE-122194-W/S - UNB Contract,3737160,4297734,Nustar - Southlake (B345),3332038,965696,0,0,07/01 00:00:00 CDT,,DSL - LSD/ULSD,Monthly,16,2015-06-23 23:46:01,277859,2015-06-23
168,Valero,Contract,On Track,Out,150%,PILOT TRAVEL CENTE-122194-W/S - UNB Contract,124572,186858,Nustar - Southlake (B345),192802,-5944,0,0,06/25 00:00:00 CDT,,DSL - LSD/ULSD,Daily,11,2015-06-24 23:45:09,308187,2015-06-24
169,Valero,Contract,On Track,Available,115%,PILOT TRAVEL CENTE-122194-W/S - UNB Contract,3737160,4297734,Nustar - Southlake (B345),3524840,772894,0,0,07/01 00:00:00 CDT,,DSL - LSD/ULSD,Monthly,11,2015-06-24 23:45:09,308189,2015-06-24
170,Valero,Contract,On Track,Limited,150%,PILOT TRAVEL CENTE-122194-W/S - UNB Contract,124572,186858,Nustar - Southlake (B345),146050,40808,0,0,06/26 00:00:00 CDT,,DSL - LSD/ULSD,Daily,10,2015-06-25 20:45:09,336455,2015-06-25
171,Valero,Contract,On Track,Limited,115%,PILOT TRAVEL CENTE-122194-W/S - UNB Contract,3737160,4297734,Nustar - Southlake (B345),3670890,626844,0,0,07/01 00:00:00 CDT,,DSL - LSD/ULSD,Monthly,10,2015-06-25 20:45:09,336457,2015-06-25
172,Valero,Contract,On Track,Limited,150%,PILOT TRAVEL CENTE-122194-W/S - UNB Contract,124572,186858,Nustar - Southlake (B345),153746,33112,0,0,06/27 00:00:00 CDT,,DSL - LSD/ULSD,Daily,11,2015-06-26 23:45:10,368674,2015-06-26
173,Valero,Contract,On Track,Limited,115%,PILOT TRAVEL CENTE-122194-W/S - UNB Contract,3737160,4297734,Nustar - Southlake (B345),3864120,433614,0,0,07/01 00:00:00 CDT,,DSL - LSD/ULSD,Monthly,11,2015-06-26 23:45:10,368676,2015-06-26
174,Valero,Contract,On Track,Limited,100%,PILOT TRAVEL CENTE-122194-W/S - UNB Contract,124572,124572,Nustar - Southlake (B345),121575,2997,0,0,06/28 00:00:00 CDT,,DSL - LSD/ULSD,Daily,10,2015-06-27 23:45:10,395755,2015-06-27
175,Valero,Contract,On Track,Limited,115%,PILOT TRAVEL CENTE-122194-W/S - UNB Contract,3737160,4297734,Nustar - Southlake (B345),3985695,312039,0,0,07/01 00:00:00 CDT,,DSL - LSD/ULSD,Monthly,10,2015-06-27 23:45:10,395757,2015-06-27
176,Valero,Contract,Below Trend,Limited,100%,PILOT TRAVEL CENTE-122194-W/S - UNB Contract,124572,124572,Nustar - Southlake (B345),85056,39516,0,0,06/29 00:00:00 CDT,,DSL - LSD/ULSD,Daily,10,2015-06-28 23:45:10,420116,2015-06-28
177,Valero,Contract,On Track,Limited,115%,PILOT TRAVEL CENTE-122194-W/S - UNB Contract,3737160,4297734,Nustar - Southlake (B345),4078487,219247,0,0,07/01 00:00:00 CDT,,DSL - LSD/ULSD,Monthly,10,2015-06-28 23:45:10,420118,2015-06-28
178,Valero,Contract,On Track,Out,100%,PILOT TRAVEL CENTE-122194-W/S - UNB Contract,124572,124572,Nustar - Southlake (B345),139141,-14569,0,0,06/30 00:00:00 CDT,,DSL - LSD/ULSD,Daily,10,2015-06-29 23:45:12,450928,2015-06-29
179,Valero,Contract,On Track,Limited,115%,PILOT TRAVEL CENTE-122194-W/S - UNB Contract,3737160,4297734,Nustar - Southlake (B345),4225128,72606,0,0,07/01 00:00:00 CDT,,DSL - LSD/ULSD,Monthly,10,2015-06-29 23:45:12,450930,2015-06-29
180,Valero,Contract,Below Trend,Available,100%,PILOT TRAVEL CENTE-122194-W/S - UNB Contract,124572,124572,Nustar - Southlake (B345),79017,45555,0,0,07/01 00:00:00 CDT,,DSL - LSD/ULSD,Daily,7,2015-06-30 23:45:10,477593,2015-06-30
181,Valero,Contract,On Track,Out,115%,PILOT TRAVEL CENTE-122194-W/S - UNB Contract,3737160,4297734,Nustar - Southlake (B345),4304145,-6411,0,0,07/01 00:00:00 CDT,,DSL - LSD/ULSD,Monthly,7,2015-06-30 23:45:10,477595,2015-06-30
182,Valero,Contract,Below Trend,Out,200%,PILOT TRAVEL CENTE-122194-W/S - UNB Contract,0,0,Pro Petroleum - Lubbock (B729),0,0,0,0,06/03 00:00:00 CDT,,DSL - LSD/ULSD,Daily,1,2015-06-02 09:00:49,2464,2015-06-02
183,Valero,Contract,Below Trend,Out,200%,PILOT TRAVEL CENTE-122194-W/S - UNB Contract,0,0,Pro Petroleum - Lubbock (B729),0,0,0,0,06/04 00:00:00 CDT,,DSL - LSD/ULSD,Daily,2,2015-06-03 07:43:44,8436,2015-06-03
184,Valero,Contract,Below Trend,Out,200%,PILOT TRAVEL CENTE-122194-W/S - UNB Contract,0,0,Pro Petroleum - Lubbock (B729),0,0,0,0,06/05 00:00:00 CDT,,DSL - LSD/ULSD,Daily,1,2015-06-04 05:33:18,11186,2015-06-04
185,Valero,Contract,Below Trend,Out,200%,PILOT TRAVEL CENTE-122194-W/S - UNB Contract,0,0,Pro Petroleum - Lubbock (B729),0,0,0,0,06/06 00:00:00 CDT,,DSL - LSD/ULSD,Daily,1,2015-06-05 03:41:12,13658,2015-06-05
186,Valero,Contract,Below Trend,Out,200%,PILOT TRAVEL CENTE-122194-W/S - UNB Contract,0,0,Pro Petroleum - Lubbock (B729),0,0,0,0,06/08 00:00:00 CDT,,DSL - LSD/ULSD,Daily,1,2015-06-08 00:45:54,16403,2015-06-08
187,Valero,Contract,Below Trend,Out,200%,PILOT TRAVEL CENTE-122194-W/S - UNB Contract,0,0,Pro Petroleum - Lubbock (B729),0,0,0,0,06/10 00:00:00 CDT,,DSL - LSD/ULSD,Daily,1,2015-06-09 07:40:39,18985,2015-06-09
188,Valero,Contract,Below Trend,Out,200%,PILOT TRAVEL CENTE-122194-W/S - UNB Contract,0,0,Pro Petroleum - Lubbock (B729),0,0,0,0,06/10 00:00:00 CDT,,DSL - LSD/ULSD,Daily,1,2015-06-10 01:03:49,21858,2015-06-10
189,Valero,Contract,Below Trend,Out,200%,PILOT TRAVEL CENTE-122194-W/S - UNB Contract,0,0,Pro Petroleum - Lubbock (B729),0,0,0,0,06/12 00:00:00 CDT,,DSL - LSD/ULSD,Daily,1,2015-06-11 06:24:07,24727,2015-06-11
190,Valero,Contract,Below Trend,Out,200%,PILOT TRAVEL CENTE-122194-W/S - UNB Contract,0,0,Pro Petroleum - Lubbock (B729),0,0,0,0,06/14 00:00:00 CDT,,DSL - LSD/ULSD,Daily,9,2015-06-13 23:46:03,50723,2015-06-13
191,Valero,Contract,Below Trend,Out,200%,PILOT TRAVEL CENTE-122194-W/S - UNB Contract,0,0,Pro Petroleum - Lubbock (B729),0,0,0,0,06/15 00:00:00 CDT,,DSL - LSD/ULSD,Daily,9,2015-06-14 23:46:06,70507,2015-06-14
192,Valero,Contract,Below Trend,Out,200%,PILOT TRAVEL CENTE-122194-W/S - UNB Contract,0,0,Pro Petroleum - Lubbock (B729),0,0,0,0,06/16 00:00:00 CDT,,DSL - LSD/ULSD,Daily,10,2015-06-15 23:46:04,101132,2015-06-15
193,Valero,Contract,Below Trend,Out,200%,PILOT TRAVEL CENTE-122194-W/S - UNB Contract,0,0,Pro Petroleum - Lubbock (B729),0,0,0,0,06/17 00:00:00 CDT,,DSL - LSD/ULSD,Daily,10,2015-06-16 23:46:02,123379,2015-06-16
194,Valero,Contract,Below Trend,Out,200%,PILOT TRAVEL CENTE-122194-W/S - UNB Contract,0,0,Pro Petroleum - Lubbock (B729),0,0,0,0,06/18 00:00:00 CDT,,DSL - LSD/ULSD,Daily,10,2015-06-17 23:46:06,141986,2015-06-17
195,Valero,Contract,Below Trend,Out,200%,PILOT TRAVEL CENTE-122194-W/S - UNB Contract,0,0,Pro Petroleum - Lubbock (B729),0,0,0,0,06/19 00:00:00 CDT,,DSL - LSD/ULSD,Daily,10,2015-06-18 23:46:03,160754,2015-06-18
196,Valero,Contract,Below Trend,Out,200%,PILOT TRAVEL CENTE-122194-W/S - UNB Contract,0,0,Pro Petroleum - Lubbock (B729),0,0,0,0,06/20 00:00:00 CDT,,DSL - LSD/ULSD,Daily,8,2015-06-19 23:46:02,177188,2015-06-19
197,Valero,Contract,Below Trend,Out,200%,PILOT TRAVEL CENTE-122194-W/S - UNB Contract,0,0,Pro Petroleum - Lubbock (B729),0,0,0,0,06/21 00:00:00 CDT,,DSL - LSD/ULSD,Daily,8,2015-06-20 20:46:03,190154,2015-06-20
198,Valero,Contract,Below Trend,Out,200%,PILOT TRAVEL CENTE-122194-W/S - UNB Contract,0,0,Pro Petroleum - Lubbock (B729),0,0,0,0,06/22 00:00:00 CDT,,DSL - LSD/ULSD,Daily,7,2015-06-21 23:46:04,216971,2015-06-21
199,Valero,Contract,Below Trend,Out,200%,PILOT TRAVEL CENTE-122194-W/S - UNB Contract,0,0,Pro Petroleum - Lubbock (B729),0,0,0,0,06/23 00:00:00 CDT,,DSL - LSD/ULSD,Daily,8,2015-06-22 20:46:04,238102,2015-06-22
200,Valero,Contract,Below Trend,Out,200%,PILOT TRAVEL CENTE-122194-W/S - UNB Contract,0,0,Pro Petroleum - Lubbock (B729),0,0,0,0,06/24 00:00:00 CDT,,DSL - LSD/ULSD,Daily,16,2015-06-23 23:46:01,277883,2015-06-23
201,Valero,Contract,Below Trend,Out,200%,PILOT TRAVEL CENTE-122194-W/S - UNB Contract,0,0,Pro Petroleum - Lubbock (B729),0,0,0,0,06/25 00:00:00 CDT,,DSL - LSD/ULSD,Daily,11,2015-06-24 23:45:09,308214,2015-06-24
202,Valero,Contract,Below Trend,Out,200%,PILOT TRAVEL CENTE-122194-W/S - UNB Contract,0,0,Pro Petroleum - Lubbock (B729),0,0,0,0,06/26 00:00:00 CDT,,DSL - LSD/ULSD,Daily,10,2015-06-25 20:45:09,336482,2015-06-25
203,Valero,Contract,Below Trend,Out,200%,PILOT TRAVEL CENTE-122194-W/S - UNB Contract,0,0,Pro Petroleum - Lubbock (B729),0,0,0,0,06/27 00:00:00 CDT,,DSL - LSD/ULSD,Daily,11,2015-06-26 23:45:10,368701,2015-06-26
204,Valero,Contract,Below Trend,Out,100%,PILOT TRAVEL CENTE-122194-W/S - UNB Contract,0,0,Pro Petroleum - Lubbock (B729),0,0,0,0,06/28 00:00:00 CDT,,DSL - LSD/ULSD,Daily,10,2015-06-27 23:45:10,395782,2015-06-27
205,Valero,Contract,Below Trend,Out,100%,PILOT TRAVEL CENTE-122194-W/S - UNB Contract,0,0,Pro Petroleum - Lubbock (B729),0,0,0,0,06/29 00:00:00 CDT,,DSL - LSD/ULSD,Daily,10,2015-06-28 23:45:10,420143,2015-06-28
206,Valero,Contract,Below Trend,Out,100%,PILOT TRAVEL CENTE-122194-W/S - UNB Contract,0,0,Pro Petroleum - Lubbock (B729),0,0,0,0,06/30 00:00:00 CDT,,DSL - LSD/ULSD,Daily,10,2015-06-29 23:45:12,450956,2015-06-29
207,Valero,Contract,Below Trend,Out,100%,PILOT TRAVEL CENTE-122194-W/S - UNB Contract,0,0,Pro Petroleum - Lubbock (B729),0,0,0,0,07/01 00:00:00 CDT,,DSL - LSD/ULSD,Daily,7,2015-06-30 23:45:10,477621,2015-06-30
208,Valero,Contract,Below Trend,Available,120%,PILOT TRAVEL CENTE-122194-W/S - UNB Contract,34986,41983,Valero - Ardmore (PBAM),7500,34483,0,0,06/03 00:00:00 CDT,,DSL - LSD/ULSD,Daily,1,2015-06-02 09:00:49,2581,2015-06-02
209,Valero,Contract,On Track,Available,120%,PILOT TRAVEL CENTE-122194-W/S - UNB Contract,1049580,1259496,Valero - Ardmore (PBAM),52500,1206996,0,0,07/01 00:00:00 CDT,,DSL - LSD/ULSD,Monthly,1,2015-06-02 09:00:49,2583,2015-06-02
210,Valero,Contract,On Track,Limited,120%,PILOT TRAVEL CENTE-122194-W/S - UNB Contract,244902,293882,Valero - Ardmore (PBAM),202631,91251,0,0,06/04 00:00:00 CDT,,DSL - LSD/ULSD,Weekly,1,2015-06-02 09:00:49,2582,2015-06-02
211,Valero,Contract,Below Trend,Available,120%,PILOT TRAVEL CENTE-122194-W/S - UNB Contract,34986,41983,Valero - Ardmore (PBAM),7500,34483,0,0,06/04 00:00:00 CDT,,DSL - LSD/ULSD,Daily,2,2015-06-03 07:43:44,8552,2015-06-03
212,Valero,Contract,On Track,Available,120%,PILOT TRAVEL CENTE-122194-W/S - UNB Contract,1049580,1259496,Valero - Ardmore (PBAM),97566,1161930,0,0,07/01 00:00:00 CDT,,DSL - LSD/ULSD,Monthly,2,2015-06-03 07:43:44,8554,2015-06-03
213,Valero,Contract,On Track,Limited,120%,PILOT TRAVEL CENTE-122194-W/S - UNB Contract,244902,293882,Valero - Ardmore (PBAM),247697,46185,0,0,06/04 00:00:00 CDT,,DSL - LSD/ULSD,Weekly,2,2015-06-03 07:43:44,8553,2015-06-03
214,Valero,Contract,On Track,Available,120%,PILOT TRAVEL CENTE-122194-W/S - UNB Contract,34986,41983,Valero - Ardmore (PBAM),7500,34483,0,0,06/05 00:00:00 CDT,,DSL - LSD/ULSD,Daily,1,2015-06-04 05:33:18,11302,2015-06-04
215,Valero,Contract,On Track,Available,120%,PILOT TRAVEL CENTE-122194-W/S - UNB Contract,1049580,1259496,Valero - Ardmore (PBAM),142566,1116930,0,0,07/01 00:00:00 CDT,,DSL - LSD/ULSD,Monthly,1,2015-06-04 05:33:18,11304,2015-06-04
216,Valero,Contract,On Track,Available,120%,PILOT TRAVEL CENTE-122194-W/S - UNB Contract,244902,293882,Valero - Ardmore (PBAM),7500,286382,0,0,06/11 00:00:00 CDT,,DSL - LSD/ULSD,Weekly,1,2015-06-04 05:33:18,11303,2015-06-04
217,Valero,Contract,Above Trend,Available,120%,PILOT TRAVEL CENTE-122194-W/S - UNB Contract,34986,41983,Valero - Ardmore (PBAM),15000,26983,0,0,06/06 00:00:00 CDT,,DSL - LSD/ULSD,Daily,1,2015-06-05 03:41:12,13774,2015-06-05
218,Valero,Contract,On Track,Available,120%,PILOT TRAVEL CENTE-122194-W/S - UNB Contract,1049580,1259496,Valero - Ardmore (PBAM),195067,1064429,0,0,07/01 00:00:00 CDT,,DSL - LSD/ULSD,Monthly,1,2015-06-05 03:41:12,13776,2015-06-05
219,Valero,Contract,On Track,Available,120%,PILOT TRAVEL CENTE-122194-W/S - UNB Contract,244902,293882,Valero - Ardmore (PBAM),60001,233881,0,0,06/11 00:00:00 CDT,,DSL - LSD/ULSD,Weekly,1,2015-06-05 03:41:12,13775,2015-06-05
220,Valero,Contract,Below Trend,Available,120%,PILOT TRAVEL CENTE-122194-W/S - UNB Contract,34986,41983,Valero - Ardmore (PBAM),22498,19485,0,0,06/08 00:00:00 CDT,,DSL - LSD/ULSD,Daily,1,2015-06-08 00:45:54,16519,2015-06-08
221,Valero,Contract,On Track,Available,120%,PILOT TRAVEL CENTE-122194-W/S - UNB Contract,1049580,1259496,Valero - Ardmore (PBAM),277565,981931,0,0,07/01 00:00:00 CDT,,DSL - LSD/ULSD,Monthly,1,2015-06-08 00:45:54,16521,2015-06-08
222,Valero,Contract,Below Trend,Available,120%,PILOT TRAVEL CENTE-122194-W/S - UNB Contract,244902,293882,Valero - Ardmore (PBAM),142499,151383,0,0,06/11 00:00:00 CDT,,DSL - LSD/ULSD,Weekly,1,2015-06-08 00:45:54,16520,2015-06-08
223,Valero,Contract,Below Trend,Available,120%,PILOT TRAVEL CENTE-122194-W/S - UNB Contract,34986,41983,Valero - Ardmore (PBAM),7500,34483,0,0,06/10 00:00:00 CDT,,DSL - LSD/ULSD,Daily,1,2015-06-09 07:40:39,19099,2015-06-09
224,Valero,Contract,On Track,Available,120%,PILOT TRAVEL CENTE-122194-W/S - UNB Contract,1049580,1259496,Valero - Ardmore (PBAM),330069,929427,0,0,07/01 00:00:00 CDT,,DSL - LSD/ULSD,Monthly,1,2015-06-09 07:40:39,19101,2015-06-09
225,Valero,Contract,On Track,Limited,120%,PILOT TRAVEL CENTE-122194-W/S - UNB Contract,244902,293882,Valero - Ardmore (PBAM),195003,98879,0,0,06/11 00:00:00 CDT,,DSL - LSD/ULSD,Weekly,1,2015-06-09 07:40:39,19100,2015-06-09
226,Valero,Contract,On Track,Out,120%,PILOT TRAVEL CENTE-122194-W/S - UNB Contract,34986,41983,Valero - Ardmore (PBAM),45066,-3083,0,0,06/10 00:00:00 CDT,,DSL - LSD/ULSD,Daily,1,2015-06-10 01:03:49,21973,2015-06-10
227,Valero,Contract,On Track,Available,120%,PILOT TRAVEL CENTE-122194-W/S - UNB Contract,1049580,1259496,Valero - Ardmore (PBAM),367635,891861,0,0,07/01 00:00:00 CDT,,DSL - LSD/ULSD,Monthly,1,2015-06-10 01:03:49,21975,2015-06-10
228,Valero,Contract,On Track,Limited,120%,PILOT TRAVEL CENTE-122194-W/S - UNB Contract,244902,293882,Valero - Ardmore (PBAM),232569,61313,0,0,06/11 00:00:00 CDT,,DSL - LSD/ULSD,Weekly,1,2015-06-10 01:03:49,21974,2015-06-10
229,Valero,Contract,Below Trend,Available,120%,PILOT TRAVEL CENTE-122194-W/S - UNB Contract,34986,41983,Valero - Ardmore (PBAM),7500,34483,0,0,06/12 00:00:00 CDT,,DSL - LSD/ULSD,Daily,1,2015-06-11 06:24:07,24842,2015-06-11
230,Valero,Contract,On Track,Available,120%,PILOT TRAVEL CENTE-122194-W/S - UNB Contract,1049580,1259496,Valero - Ardmore (PBAM),420143,839353,0,0,07/01 00:00:00 CDT,,DSL - LSD/ULSD,Monthly,1,2015-06-11 06:24:07,24844,2015-06-11
231,Valero,Contract,Below Trend,Available,120%,PILOT TRAVEL CENTE-122194-W/S - UNB Contract,244902,293882,Valero - Ardmore (PBAM),7500,286382,0,0,06/18 00:00:00 CDT,,DSL - LSD/ULSD,Weekly,1,2015-06-11 06:24:07,24843,2015-06-11
232,Valero,Contract,On Track,Limited,120%,PILOT TRAVEL CENTE-122194-W/S - UNB Contract,34986,41983,Valero - Ardmore (PBAM),37461,4522,0,0,06/14 00:00:00 CDT,,DSL - LSD/ULSD,Daily,9,2015-06-13 23:46:03,50838,2015-06-13
233,Valero,Contract,On Track,Available,120%,PILOT TRAVEL CENTE-122194-W/S - UNB Contract,1049580,1259496,Valero - Ardmore (PBAM),540108,719388,0,0,07/01 00:00:00 CDT,,DSL - LSD/ULSD,Monthly,9,2015-06-13 23:46:03,50840,2015-06-13
234,Valero,Contract,On Track,Available,120%,PILOT TRAVEL CENTE-122194-W/S - UNB Contract,244902,293882,Valero - Ardmore (PBAM),127465,166417,0,0,06/18 00:00:00 CDT,,DSL - LSD/ULSD,Weekly,9,2015-06-13 23:46:03,50839,2015-06-13
235,Valero,Contract,Below Trend,Limited,120%,PILOT TRAVEL CENTE-122194-W/S - UNB Contract,34986,41983,Valero - Ardmore (PBAM),30000,11983,0,0,06/15 00:00:00 CDT,,DSL - LSD/ULSD,Daily,9,2015-06-14 23:46:06,70622,2015-06-14
236,Valero,Contract,On Track,Available,120%,PILOT TRAVEL CENTE-122194-W/S - UNB Contract,1049580,1259496,Valero - Ardmore (PBAM),570108,689388,0,0,07/01 00:00:00 CDT,,DSL - LSD/ULSD,Monthly,9,2015-06-14 23:46:06,70624,2015-06-14
237,Valero,Contract,On Track,Available,120%,PILOT TRAVEL CENTE-122194-W/S - UNB Contract,244902,293882,Valero - Ardmore (PBAM),157465,136417,0,0,06/18 00:00:00 CDT,,DSL - LSD/ULSD,Weekly,9,2015-06-14 23:46:06,70623,2015-06-14
238,Valero,Contract,On Track,Out,120%,PILOT TRAVEL CENTE-122194-W/S - UNB Contract,34986,41983,Valero - Ardmore (PBAM),45004,-3021,0,0,06/16 00:00:00 CDT,,DSL - LSD/ULSD,Daily,10,2015-06-15 23:46:04,101246,2015-06-15
239,Valero,Contract,On Track,Available,120%,PILOT TRAVEL CENTE-122194-W/S - UNB Contract,1049580,1259496,Valero - Ardmore (PBAM),615112,644384,0,0,07/01 00:00:00 CDT,,DSL - LSD/ULSD,Monthly,10,2015-06-15 23:46:04,101248,2015-06-15
240,Valero,Contract,On Track,Limited,120%,PILOT TRAVEL CENTE-122194-W/S - UNB Contract,244902,293882,Valero - Ardmore (PBAM),202469,91413,0,0,06/18 00:00:00 CDT,,DSL - LSD/ULSD,Weekly,10,2015-06-15 23:46:04,101247,2015-06-15
241,Valero,Contract,On Track,Out,120%,PILOT TRAVEL CENTE-122194-W/S - UNB Contract,34986,41983,Valero - Ardmore (PBAM),45004,-3021,0,0,06/17 00:00:00 CDT,,DSL - LSD/ULSD,Daily,10,2015-06-16 23:46:02,123493,2015-06-16
242,Valero,Contract,On Track,Available,120%,PILOT TRAVEL CENTE-122194-W/S - UNB Contract,1049580,1259496,Valero - Ardmore (PBAM),660116,599380,0,0,07/01 00:00:00 CDT,,DSL - LSD/ULSD,Monthly,10,2015-06-16 23:46:02,123495,2015-06-16
243,Valero,Contract,On Track,Limited,120%,PILOT TRAVEL CENTE-122194-W/S - UNB Contract,244902,293882,Valero - Ardmore (PBAM),247473,46409,0,0,06/18 00:00:00 CDT,,DSL - LSD/ULSD,Weekly,10,2015-06-16 23:46:02,123494,2015-06-16
244,Valero,Contract,On Track,Out,120%,PILOT TRAVEL CENTE-122194-W/S - UNB Contract,34986,41983,Valero - Ardmore (PBAM),45065,-3082,0,0,06/18 00:00:00 CDT,,DSL - LSD/ULSD,Daily,10,2015-06-17 23:46:06,142100,2015-06-17
245,Valero,Contract,On Track,Available,120%,PILOT TRAVEL CENTE-122194-W/S - UNB Contract,1049580,1259496,Valero - Ardmore (PBAM),705181,554315,0,0,07/01 00:00:00 CDT,,DSL - LSD/ULSD,Monthly,10,2015-06-17 23:46:06,142102,2015-06-17
246,Valero,Contract,On Track,Limited,120%,PILOT TRAVEL CENTE-122194-W/S - UNB Contract,244902,293882,Valero - Ardmore (PBAM),292538,1344,0,0,06/18 00:00:00 CDT,,DSL - LSD/ULSD,Weekly,10,2015-06-17 23:46:06,142101,2015-06-17
247,Valero,Contract,Below Trend,Limited,120%,PILOT TRAVEL CENTE-122194-W/S - UNB Contract,34986,41983,Valero - Ardmore (PBAM),30000,11983,0,0,06/19 00:00:00 CDT,,DSL - LSD/ULSD,Daily,10,2015-06-18 23:46:03,160867,2015-06-18
248,Valero,Contract,On Track,Available,120%,PILOT TRAVEL CENTE-122194-W/S - UNB Contract,1049580,1259496,Valero - Ardmore (PBAM),735181,524315,0,0,07/01 00:00:00 CDT,,DSL - LSD/ULSD,Monthly,10,2015-06-18 23:46:03,160869,2015-06-18
249,Valero,Contract,Below Trend,Available,120%,PILOT TRAVEL CENTE-122194-W/S - UNB Contract,244902,293882,Valero - Ardmore (PBAM),30000,263882,0,0,06/25 00:00:00 CDT,,DSL - LSD/ULSD,Weekly,10,2015-06-18 23:46:03,160868,2015-06-18
250,Valero,Contract,On Track,Limited,120%,PILOT TRAVEL CENTE-122194-W/S - UNB Contract,34986,41983,Valero - Ardmore (PBAM),37500,4483,0,0,06/20 00:00:00 CDT,,DSL - LSD/ULSD,Daily,8,2015-06-19 23:46:02,177300,2015-06-19
251,Valero,Contract,On Track,Available,120%,PILOT TRAVEL CENTE-122194-W/S - UNB Contract,1049580,1259496,Valero - Ardmore (PBAM),780181,479315,0,0,07/01 00:00:00 CDT,,DSL - LSD/ULSD,Monthly,8,2015-06-19 23:46:02,177302,2015-06-19
252,Valero,Contract,On Track,Available,120%,PILOT TRAVEL CENTE-122194-W/S - UNB Contract,244902,293882,Valero - Ardmore (PBAM),75000,218882,0,0,06/25 00:00:00 CDT,,DSL - LSD/ULSD,Weekly,8,2015-06-19 23:46:02,177301,2015-06-19
253,Valero,Contract,Below Trend,Available,120%,PILOT TRAVEL CENTE-122194-W/S - UNB Contract,34986,41983,Valero - Ardmore (PBAM),22500,19483,0,0,06/21 00:00:00 CDT,,DSL - LSD/ULSD,Daily,8,2015-06-20 20:46:03,190267,2015-06-20
254,Valero,Contract,On Track,Available,120%,PILOT TRAVEL CENTE-122194-W/S - UNB Contract,1049580,1259496,Valero - Ardmore (PBAM),810181,449315,0,0,07/01 00:00:00 CDT,,DSL - LSD/ULSD,Monthly,8,2015-06-20 20:46:03,190269,2015-06-20
255,Valero,Contract,On Track,Available,120%,PILOT TRAVEL CENTE-122194-W/S - UNB Contract,244902,293882,Valero - Ardmore (PBAM),105000,188882,0,0,06/25 00:00:00 CDT,,DSL - LSD/ULSD,Weekly,8,2015-06-20 20:46:03,190268,2015-06-20
256,Valero,Contract,Below Trend,Available,120%,PILOT TRAVEL CENTE-122194-W/S - UNB Contract,34986,41983,Valero - Ardmore (PBAM),22501,19482,0,0,06/22 00:00:00 CDT,,DSL - LSD/ULSD,Daily,7,2015-06-21 23:46:04,217084,2015-06-21
257,Valero,Contract,On Track,Available,120%,PILOT TRAVEL CENTE-122194-W/S - UNB Contract,1049580,1259496,Valero - Ardmore (PBAM),832682,426814,0,0,07/01 00:00:00 CDT,,DSL - LSD/ULSD,Monthly,7,2015-06-21 23:46:04,217086,2015-06-21
258,Valero,Contract,Below Trend,Available,120%,PILOT TRAVEL CENTE-122194-W/S - UNB Contract,244902,293882,Valero - Ardmore (PBAM),127501,166381,0,0,06/25 00:00:00 CDT,,DSL - LSD/ULSD,Weekly,7,2015-06-21 23:46:04,217085,2015-06-21
259,Valero,Contract,On Track,Limited,120%,PILOT TRAVEL CENTE-122194-W/S - UNB Contract,34986,41983,Valero - Ardmore (PBAM),37500,4483,0,0,06/23 00:00:00 CDT,,DSL - LSD/ULSD,Daily,8,2015-06-22 20:46:04,238215,2015-06-22
260,Valero,Contract,On Track,Available,120%,PILOT TRAVEL CENTE-122194-W/S - UNB Contract,1049580,1259496,Valero - Ardmore (PBAM),870182,389314,0,0,07/01 00:00:00 CDT,,DSL - LSD/ULSD,Monthly,8,2015-06-22 20:46:04,238217,2015-06-22
261,Valero,Contract,Below Trend,Available,120%,PILOT TRAVEL CENTE-122194-W/S - UNB Contract,244902,293882,Valero - Ardmore (PBAM),165001,128881,0,0,06/25 00:00:00 CDT,,DSL - LSD/ULSD,Weekly,8,2015-06-22 20:46:04,238216,2015-06-22
262,Valero,Contract,On Track,Out,120%,PILOT TRAVEL CENTE-122194-W/S - UNB Contract,34986,41983,Valero - Ardmore (PBAM),45067,-3084,0,0,06/24 00:00:00 CDT,,DSL - LSD/ULSD,Daily,16,2015-06-23 23:46:01,277996,2015-06-23
263,Valero,Contract,On Track,Available,120%,PILOT TRAVEL CENTE-122194-W/S - UNB Contract,1049580,1259496,Valero - Ardmore (PBAM),922749,336747,0,0,07/01 00:00:00 CDT,,DSL - LSD/ULSD,Monthly,16,2015-06-23 23:46:01,277998,2015-06-23
264,Valero,Contract,On Track,Limited,120%,PILOT TRAVEL CENTE-122194-W/S - UNB Contract,244902,293882,Valero - Ardmore (PBAM),217568,76314,0,0,06/25 00:00:00 CDT,,DSL - LSD/ULSD,Weekly,16,2015-06-23 23:46:01,277997,2015-06-23
265,Valero,Contract,On Track,Out,120%,PILOT TRAVEL CENTE-122194-W/S - UNB Contract,34986,41983,Valero - Ardmore (PBAM),45006,-3023,0,0,06/25 00:00:00 CDT,,DSL - LSD/ULSD,Daily,11,2015-06-24 23:45:09,308327,2015-06-24
266,Valero,Contract,On Track,Available,120%,PILOT TRAVEL CENTE-122194-W/S - UNB Contract,1049580,1259496,Valero - Ardmore (PBAM),967755,291741,0,0,07/01 00:00:00 CDT,,DSL - LSD/ULSD,Monthly,11,2015-06-24 23:45:09,308329,2015-06-24
267,Valero,Contract,On Track,Limited,120%,PILOT TRAVEL CENTE-122194-W/S - UNB Contract,244902,293882,Valero - Ardmore (PBAM),262574,31308,0,0,06/25 00:00:00 CDT,,DSL - LSD/ULSD,Weekly,11,2015-06-24 23:45:09,308328,2015-06-24
268,Valero,Contract,On Track,Limited,120%,PILOT TRAVEL CENTE-122194-W/S - UNB Contract,34986,41983,Valero - Ardmore (PBAM),30001,11982,0,0,06/26 00:00:00 CDT,,DSL - LSD/ULSD,Daily,10,2015-06-25 20:45:09,336595,2015-06-25
269,Valero,Contract,On Track,Available,120%,PILOT TRAVEL CENTE-122194-W/S - UNB Contract,1049580,1259496,Valero - Ardmore (PBAM),997756,261740,0,0,07/01 00:00:00 CDT,,DSL - LSD/ULSD,Monthly,10,2015-06-25 20:45:09,336597,2015-06-25
270,Valero,Contract,On Track,Available,120%,PILOT TRAVEL CENTE-122194-W/S - UNB Contract,244902,293882,Valero - Ardmore (PBAM),30001,263881,0,0,07/02 00:00:00 CDT,,DSL - LSD/ULSD,Weekly,10,2015-06-25 20:45:09,336596,2015-06-25
271,Valero,Contract,On Track,Out,120%,PILOT TRAVEL CENTE-122194-W/S - UNB Contract,34986,41983,Valero - Ardmore (PBAM),45002,-3019,0,0,06/27 00:00:00 CDT,,DSL - LSD/ULSD,Daily,11,2015-06-26 23:45:10,368814,2015-06-26
272,Valero,Contract,On Track,Available,120%,PILOT TRAVEL CENTE-122194-W/S - UNB Contract,1049580,1259496,Valero - Ardmore (PBAM),1057758,201738,0,0,07/01 00:00:00 CDT,,DSL - LSD/ULSD,Monthly,11,2015-06-26 23:45:10,368816,2015-06-26
273,Valero,Contract,On Track,Available,120%,PILOT TRAVEL CENTE-122194-W/S - UNB Contract,244902,293882,Valero - Ardmore (PBAM),90003,203879,0,0,07/02 00:00:00 CDT,,DSL - LSD/ULSD,Weekly,11,2015-06-26 23:45:10,368815,2015-06-26
274,Valero,Contract,Below Trend,Limited,120%,PILOT TRAVEL CENTE-122194-W/S - UNB Contract,34986,41983,Valero - Ardmore (PBAM),29960,12023,0,0,06/28 00:00:00 CDT,,DSL - LSD/ULSD,Daily,10,2015-06-27 23:45:10,395895,2015-06-27
275,Valero,Contract,On Track,Limited,120%,PILOT TRAVEL CENTE-122194-W/S - UNB Contract,1049580,1259496,Valero - Ardmore (PBAM),1087718,171778,0,0,07/01 00:00:00 CDT,,DSL - LSD/ULSD,Monthly,10,2015-06-27 23:45:10,395897,2015-06-27
276,Valero,Contract,On Track,Available,120%,PILOT TRAVEL CENTE-122194-W/S - UNB Contract,244902,293882,Valero - Ardmore (PBAM),119963,173919,0,0,07/02 00:00:00 CDT,,DSL - LSD/ULSD,Weekly,10,2015-06-27 23:45:10,395896,2015-06-27
277,Valero,Contract,Below Trend,Limited,120%,PILOT TRAVEL CENTE-122194-W/S - UNB Contract,34986,41983,Valero - Ardmore (PBAM),30001,11982,0,0,06/29 00:00:00 CDT,,DSL - LSD/ULSD,Daily,10,2015-06-28 23:45:10,420256,2015-06-28
278,Valero,Contract,On Track,Limited,120%,PILOT TRAVEL CENTE-122194-W/S - UNB Contract,1049580,1259496,Valero - Ardmore (PBAM),1117719,141777,0,0,07/01 00:00:00 CDT,,DSL - LSD/ULSD,Monthly,10,2015-06-28 23:45:10,420258,2015-06-28
279,Valero,Contract,On Track,Available,120%,PILOT TRAVEL CENTE-122194-W/S - UNB Contract,244902,293882,Valero - Ardmore (PBAM),149964,143918,0,0,07/02 00:00:00 CDT,,DSL - LSD/ULSD,Weekly,10,2015-06-28 23:45:10,420257,2015-06-28
280,Valero,Contract,On Track,Limited,120%,PILOT TRAVEL CENTE-122194-W/S - UNB Contract,34986,41983,Valero - Ardmore (PBAM),37500,4483,0,0,06/30 00:00:00 CDT,,DSL - LSD/ULSD,Daily,10,2015-06-29 23:45:12,451069,2015-06-29
281,Valero,Contract,On Track,Limited,120%,PILOT TRAVEL CENTE-122194-W/S - UNB Contract,1049580,1259496,Valero - Ardmore (PBAM),1155219,104277,0,0,07/01 00:00:00 CDT,,DSL - LSD/ULSD,Monthly,10,2015-06-29 23:45:12,451071,2015-06-29
282,Valero,Contract,On Track,Available,120%,PILOT TRAVEL CENTE-122194-W/S - UNB Contract,244902,293882,Valero - Ardmore (PBAM),187464,106418,0,0,07/02 00:00:00 CDT,,DSL - LSD/ULSD,Weekly,10,2015-06-29 23:45:12,451070,2015-06-29
283,Valero,Contract,On Track,Out,120%,PILOT TRAVEL CENTE-122194-W/S - UNB Contract,34986,41983,Valero - Ardmore (PBAM),45067,-3084,0,0,07/01 00:00:00 CDT,,DSL - LSD/ULSD,Daily,7,2015-06-30 23:45:10,477734,2015-06-30
284,Valero,Contract,On Track,Limited,120%,PILOT TRAVEL CENTE-122194-W/S - UNB Contract,1049580,1259496,Valero - Ardmore (PBAM),1207786,51710,0,0,07/01 00:00:00 CDT,,DSL - LSD/ULSD,Monthly,7,2015-06-30 23:45:10,477736,2015-06-30
285,Valero,Contract,On Track,Limited,120%,PILOT TRAVEL CENTE-122194-W/S - UNB Contract,244902,293882,Valero - Ardmore (PBAM),240031,53851,0,0,07/02 00:00:00 CDT,,DSL - LSD/ULSD,Weekly,7,2015-06-30 23:45:10,477735,2015-06-30
286,Valero,Contract,Below Trend,Available,115%,PILOT TRAVEL CENTE-122194-W/S - UNB Contract,237720,273378,Valero - Memphis (PBMM),68279,205099,0,0,06/03 00:00:00 CDT,,DSL - LSD/ULSD,Daily,1,2015-06-02 09:00:49,2626,2015-06-02
287,Valero,Contract,Below Trend,Available,115%,PILOT TRAVEL CENTE-122194-W/S - UNB Contract,6656160,7654584,Valero - Memphis (PBMM),234616,7419968,0,0,07/01 00:00:00 CDT,,DSL - LSD/ULSD,Monthly,1,2015-06-02 09:00:49,2628,2015-06-02
288,Valero,Contract,Below Trend,Available,115%,PILOT TRAVEL CENTE-122194-W/S - UNB Contract,1664040,1913646,Valero - Memphis (PBMM),947056,966590,0,0,06/04 00:00:00 CDT,,DSL - LSD/ULSD,Weekly,1,2015-06-02 09:00:49,2627,2015-06-02
289,Valero,Contract,Below Trend,Available,115%,PILOT TRAVEL CENTE-122194-W/S - UNB Contract,237720,273378,Valero - Memphis (PBMM),38151,235227,0,0,06/04 00:00:00 CDT,,DSL - LSD/ULSD,Daily,2,2015-06-03 07:43:44,8596,2015-06-03
290,Valero,Contract,Below Trend,Available,115%,PILOT TRAVEL CENTE-122194-W/S - UNB Contract,6656160,7654584,Valero - Memphis (PBMM),432281,7222303,0,0,07/01 00:00:00 CDT,,DSL - LSD/ULSD,Monthly,2,2015-06-03 07:43:44,8598,2015-06-03
291,Valero,Contract,Below Trend,Available,115%,PILOT TRAVEL CENTE-122194-W/S - UNB Contract,1664040,1913646,Valero - Memphis (PBMM),1144721,768925,0,0,06/04 00:00:00 CDT,,DSL - LSD/ULSD,Weekly,2,2015-06-03 07:43:44,8597,2015-06-03
292,Valero,Contract,Below Trend,Available,115%,PILOT TRAVEL CENTE-122194-W/S - UNB Contract,237720,273378,Valero - Memphis (PBMM),15350,258028,0,0,06/05 00:00:00 CDT,,DSL - LSD/ULSD,Daily,1,2015-06-04 05:33:18,11346,2015-06-04
293,Valero,Contract,Below Trend,Available,115%,PILOT TRAVEL CENTE-122194-W/S - UNB Contract,6656160,7654584,Valero - Memphis (PBMM),675123,6979461,0,0,07/01 00:00:00 CDT,,DSL - LSD/ULSD,Monthly,1,2015-06-04 05:33:18,11348,2015-06-04
294,Valero,Contract,Below Trend,Available,115%,PILOT TRAVEL CENTE-122194-W/S - UNB Contract,1664040,1913646,Valero - Memphis (PBMM),15350,1898296,0,0,06/11 00:00:00 CDT,,DSL - LSD/ULSD,Weekly,1,2015-06-04 05:33:18,11347,2015-06-04
295,Valero,Contract,On Track,Available,115%,PILOT TRAVEL CENTE-122194-W/S - UNB Contract,237720,273378,Valero - Memphis (PBMM),30475,242903,0,0,06/06 00:00:00 CDT,,DSL - LSD/ULSD,Daily,1,2015-06-05 03:41:12,13818,2015-06-05
296,Valero,Contract,On Track,Available,115%,PILOT TRAVEL CENTE-122194-W/S - UNB Contract,6656160,7654584,Valero - Memphis (PBMM),925975,6728609,0,0,07/01 00:00:00 CDT,,DSL - LSD/ULSD,Monthly,1,2015-06-05 03:41:12,13820,2015-06-05
297,Valero,Contract,On Track,Available,115%,PILOT TRAVEL CENTE-122194-W/S - UNB Contract,1664040,1913646,Valero - Memphis (PBMM),266202,1647444,0,0,06/11 00:00:00 CDT,,DSL - LSD/ULSD,Weekly,1,2015-06-05 03:41:12,13819,2015-06-05
298,Valero,Contract,Below Trend,Available,115%,PILOT TRAVEL CENTE-122194-W/S - UNB Contract,237720,273378,Valero - Memphis (PBMM),113081,160297,0,0,06/08 00:00:00 CDT,,DSL - LSD/ULSD,Daily,1,2015-06-08 00:45:54,16564,2015-06-08
299,Valero,Contract,Below Trend,Available,115%,PILOT TRAVEL CENTE-122194-W/S - UNB Contract,6656160,7654584,Valero - Memphis (PBMM),1311223,6343361,0,0,07/01 00:00:00 CDT,,DSL - LSD/ULSD,Monthly,1,2015-06-08 00:45:54,16566,2015-06-08
300,Valero,Contract,Below Trend,Available,115%,PILOT TRAVEL CENTE-122194-W/S - UNB Contract,1664040,1913646,Valero - Memphis (PBMM),651450,1262196,0,0,06/11 00:00:00 CDT,,DSL - LSD/ULSD,Weekly,1,2015-06-08 00:45:54,16565,2015-06-08
301,Valero,Contract,Below Trend,Available,115%,PILOT TRAVEL CENTE-122194-W/S - UNB Contract,237720,273378,Valero - Memphis (PBMM),30351,243027,0,0,06/10 00:00:00 CDT,,DSL - LSD/ULSD,Daily,1,2015-06-09 07:40:39,19146,2015-06-09
302,Valero,Contract,Below Trend,Available,115%,PILOT TRAVEL CENTE-122194-W/S - UNB Contract,6656160,7654584,Valero - Memphis (PBMM),1597483,6057101,0,0,07/01 00:00:00 CDT,,DSL - LSD/ULSD,Monthly,1,2015-06-09 07:40:39,19148,2015-06-09
303,Valero,Contract,Below Trend,Available,115%,PILOT TRAVEL CENTE-122194-W/S - UNB Contract,1664040,1913646,Valero - Memphis (PBMM),937710,975936,0,0,06/11 00:00:00 CDT,,DSL - LSD/ULSD,Weekly,1,2015-06-09 07:40:39,19147,2015-06-09
304,Valero,Contract,On Track,Out,115%,PILOT TRAVEL CENTE-122194-W/S - UNB Contract,237720,273378,Valero - Memphis (PBMM),279086,-5708,0,0,06/10 00:00:00 CDT,,DSL - LSD/ULSD,Daily,1,2015-06-10 01:03:49,22021,2015-06-10
305,Valero,Contract,Below Trend,Available,115%,PILOT TRAVEL CENTE-122194-W/S - UNB Contract,6656160,7654584,Valero - Memphis (PBMM),1846218,5808366,0,0,07/01 00:00:00 CDT,,DSL - LSD/ULSD,Monthly,1,2015-06-10 01:03:49,22023,2015-06-10
306,Valero,Contract,Below Trend,Available,115%,PILOT TRAVEL CENTE-122194-W/S - UNB Contract,1664040,1913646,Valero - Memphis (PBMM),1186445,727201,0,0,06/11 00:00:00 CDT,,DSL - LSD/ULSD,Weekly,1,2015-06-10 01:03:49,22022,2015-06-10
307,Valero,Contract,Below Trend,Available,115%,PILOT TRAVEL CENTE-122194-W/S - UNB Contract,237720,273378,Valero - Memphis (PBMM),46088,227290,0,0,06/12 00:00:00 CDT,,DSL - LSD/ULSD,Daily,1,2015-06-11 06:24:07,24890,2015-06-11
308,Valero,Contract,Below Trend,Available,115%,PILOT TRAVEL CENTE-122194-W/S - UNB Contract,6656160,7654584,Valero - Memphis (PBMM),2179957,5474627,0,0,07/01 00:00:00 CDT,,DSL - LSD/ULSD,Monthly,1,2015-06-11 06:24:07,24892,2015-06-11
309,Valero,Contract,Below Trend,Available,115%,PILOT TRAVEL CENTE-122194-W/S - UNB Contract,1664040,1913646,Valero - Memphis (PBMM),46088,1867558,0,0,06/18 00:00:00 CDT,,DSL - LSD/ULSD,Weekly,1,2015-06-11 06:24:07,24891,2015-06-11
310,Valero,Contract,Below Trend,Available,115%,PILOT TRAVEL CENTE-122194-W/S - UNB Contract,237720,273378,Valero - Memphis (PBMM),174648,98730,0,0,06/14 00:00:00 CDT,,DSL - LSD/ULSD,Daily,9,2015-06-13 23:46:03,50886,2015-06-13
311,Valero,Contract,Below Trend,Available,115%,PILOT TRAVEL CENTE-122194-W/S - UNB Contract,6656160,7654584,Valero - Memphis (PBMM),2782184,4872400,0,0,07/01 00:00:00 CDT,,DSL - LSD/ULSD,Monthly,9,2015-06-13 23:46:03,50888,2015-06-13
312,Valero,Contract,Below Trend,Available,115%,PILOT TRAVEL CENTE-122194-W/S - UNB Contract,1664040,1913646,Valero - Memphis (PBMM),648315,1265331,0,0,06/18 00:00:00 CDT,,DSL - LSD/ULSD,Weekly,9,2015-06-13 23:46:03,50887,2015-06-13
313,Valero,Contract,Below Trend,Available,115%,PILOT TRAVEL CENTE-122194-W/S - UNB Contract,237720,273378,Valero - Memphis (PBMM),122052,151326,0,0,06/15 00:00:00 CDT,,DSL - LSD/ULSD,Daily,9,2015-06-14 23:46:06,70670,2015-06-14
314,Valero,Contract,Below Trend,Available,115%,PILOT TRAVEL CENTE-122194-W/S - UNB Contract,6656160,7654584,Valero - Memphis (PBMM),2904236,4750348,0,0,07/01 00:00:00 CDT,,DSL - LSD/ULSD,Monthly,9,2015-06-14 23:46:06,70672,2015-06-14
315,Valero,Contract,Below Trend,Available,115%,PILOT TRAVEL CENTE-122194-W/S - UNB Contract,1664040,1913646,Valero - Memphis (PBMM),770367,1143279,0,0,06/18 00:00:00 CDT,,DSL - LSD/ULSD,Weekly,9,2015-06-14 23:46:06,70671,2015-06-14
316,Valero,Contract,Below Trend,Available,115%,PILOT TRAVEL CENTE-122194-W/S - UNB Contract,237720,273378,Valero - Memphis (PBMM),143699,129679,0,0,06/16 00:00:00 CDT,,DSL - LSD/ULSD,Daily,10,2015-06-15 23:46:04,101296,2015-06-15
317,Valero,Contract,Below Trend,Available,115%,PILOT TRAVEL CENTE-122194-W/S - UNB Contract,6656160,7654584,Valero - Memphis (PBMM),3047935,4606649,0,0,07/01 00:00:00 CDT,,DSL - LSD/ULSD,Monthly,10,2015-06-15 23:46:04,101298,2015-06-15
318,Valero,Contract,Below Trend,Available,115%,PILOT TRAVEL CENTE-122194-W/S - UNB Contract,1664040,1913646,Valero - Memphis (PBMM),914066,999580,0,0,06/18 00:00:00 CDT,,DSL - LSD/ULSD,Weekly,10,2015-06-15 23:46:04,101297,2015-06-15
319,Valero,Contract,On Track,Limited,115%,PILOT TRAVEL CENTE-122194-W/S - UNB Contract,237720,273378,Valero - Memphis (PBMM),228594,44784,0,0,06/17 00:00:00 CDT,,DSL - LSD/ULSD,Daily,10,2015-06-16 23:46:02,123542,2015-06-16
320,Valero,Contract,Below Trend,Available,115%,PILOT TRAVEL CENTE-122194-W/S - UNB Contract,6656160,7654584,Valero - Memphis (PBMM),3276529,4378055,0,0,07/01 00:00:00 CDT,,DSL - LSD/ULSD,Monthly,10,2015-06-16 23:46:02,123544,2015-06-16
321,Valero,Contract,Below Trend,Available,115%,PILOT TRAVEL CENTE-122194-W/S - UNB Contract,1664040,1913646,Valero - Memphis (PBMM),1142660,770986,0,0,06/18 00:00:00 CDT,,DSL - LSD/ULSD,Weekly,10,2015-06-16 23:46:02,123543,2015-06-16
322,Valero,Contract,On Track,Limited,115%,PILOT TRAVEL CENTE-122194-W/S - UNB Contract,237720,273378,Valero - Memphis (PBMM),245041,28337,0,0,06/18 00:00:00 CDT,,DSL - LSD/ULSD,Daily,10,2015-06-17 23:46:06,142148,2015-06-17
323,Valero,Contract,Below Trend,Available,115%,PILOT TRAVEL CENTE-122194-W/S - UNB Contract,6656160,7654584,Valero - Memphis (PBMM),3544561,4110023,0,0,07/01 00:00:00 CDT,,DSL - LSD/ULSD,Monthly,10,2015-06-17 23:46:06,142150,2015-06-17
324,Valero,Contract,Below Trend,Limited,115%,PILOT TRAVEL CENTE-122194-W/S - UNB Contract,1664040,1913646,Valero - Memphis (PBMM),1410692,502954,0,0,06/18 00:00:00 CDT,,DSL - LSD/ULSD,Weekly,10,2015-06-17 23:46:06,142149,2015-06-17
325,Valero,Contract,On Track,Out,115%,PILOT TRAVEL CENTE-122194-W/S - UNB Contract,237720,273378,Valero - Memphis (PBMM),275842,-2464,0,0,06/19 00:00:00 CDT,,DSL - LSD/ULSD,Daily,10,2015-06-18 23:46:03,160914,2015-06-18
326,Valero,Contract,Below Trend,Available,115%,PILOT TRAVEL CENTE-122194-W/S - UNB Contract,6656160,7654584,Valero - Memphis (PBMM),3828152,3826432,0,0,07/01 00:00:00 CDT,,DSL - LSD/ULSD,Monthly,10,2015-06-18 23:46:03,160916,2015-06-18
327,Valero,Contract,On Track,Available,115%,PILOT TRAVEL CENTE-122194-W/S - UNB Contract,1664040,1913646,Valero - Memphis (PBMM),275842,1637804,0,0,06/25 00:00:00 CDT,,DSL - LSD/ULSD,Weekly,10,2015-06-18 23:46:03,160915,2015-06-18
328,Valero,Contract,On Track,Limited,115%,PILOT TRAVEL CENTE-122194-W/S - UNB Contract,237720,273378,Valero - Memphis (PBMM),252077,21301,0,0,06/20 00:00:00 CDT,,DSL - LSD/ULSD,Daily,8,2015-06-19 23:46:02,177348,2015-06-19
329,Valero,Contract,Below Trend,Available,115%,PILOT TRAVEL CENTE-122194-W/S - UNB Contract,6656160,7654584,Valero - Memphis (PBMM),4080229,3574355,0,0,07/01 00:00:00 CDT,,DSL - LSD/ULSD,Monthly,8,2015-06-19 23:46:02,177350,2015-06-19
330,Valero,Contract,On Track,Available,115%,PILOT TRAVEL CENTE-122194-W/S - UNB Contract,1664040,1913646,Valero - Memphis (PBMM),527919,1385727,0,0,06/25 00:00:00 CDT,,DSL - LSD/ULSD,Weekly,8,2015-06-19 23:46:02,177349,2015-06-19
331,Valero,Contract,Below Trend,Available,115%,PILOT TRAVEL CENTE-122194-W/S - UNB Contract,237720,273378,Valero - Memphis (PBMM),174403,98975,0,0,06/21 00:00:00 CDT,,DSL - LSD/ULSD,Daily,8,2015-06-20 20:46:03,190314,2015-06-20
332,Valero,Contract,Below Trend,Available,115%,PILOT TRAVEL CENTE-122194-W/S - UNB Contract,6656160,7654584,Valero - Memphis (PBMM),4254632,3399952,0,0,07/01 00:00:00 CDT,,DSL - LSD/ULSD,Monthly,8,2015-06-20 20:46:03,190316,2015-06-20
333,Valero,Contract,On Track,Available,115%,PILOT TRAVEL CENTE-122194-W/S - UNB Contract,1664040,1913646,Valero - Memphis (PBMM),702322,1211324,0,0,06/25 00:00:00 CDT,,DSL - LSD/ULSD,Weekly,8,2015-06-20 20:46:03,190315,2015-06-20
334,Valero,Contract,Below Trend,Available,115%,PILOT TRAVEL CENTE-122194-W/S - UNB Contract,237720,273378,Valero - Memphis (PBMM),161603,111775,0,0,06/22 00:00:00 CDT,,DSL - LSD/ULSD,Daily,7,2015-06-21 23:46:04,217131,2015-06-21
335,Valero,Contract,Below Trend,Available,115%,PILOT TRAVEL CENTE-122194-W/S - UNB Contract,6656160,7654584,Valero - Memphis (PBMM),4423835,3230749,0,0,07/01 00:00:00 CDT,,DSL - LSD/ULSD,Monthly,7,2015-06-21 23:46:04,217133,2015-06-21
336,Valero,Contract,Below Trend,Available,115%,PILOT TRAVEL CENTE-122194-W/S - UNB Contract,1664040,1913646,Valero - Memphis (PBMM),871525,1042121,0,0,06/25 00:00:00 CDT,,DSL - LSD/ULSD,Weekly,7,2015-06-21 23:46:04,217132,2015-06-21
337,Valero,Contract,On Track,Limited,115%,PILOT TRAVEL CENTE-122194-W/S - UNB Contract,237720,273378,Valero - Memphis (PBMM),212124,61254,0,0,06/23 00:00:00 CDT,,DSL - LSD/ULSD,Daily,8,2015-06-22 20:46:04,238262,2015-06-22
338,Valero,Contract,Below Trend,Available,115%,PILOT TRAVEL CENTE-122194-W/S - UNB Contract,6656160,7654584,Valero - Memphis (PBMM),4643759,3010825,0,0,07/01 00:00:00 CDT,,DSL - LSD/ULSD,Monthly,8,2015-06-22 20:46:04,238264,2015-06-22
339,Valero,Contract,Below Trend,Available,115%,PILOT TRAVEL CENTE-122194-W/S - UNB Contract,1664040,1913646,Valero - Memphis (PBMM),1091449,822197,0,0,06/25 00:00:00 CDT,,DSL - LSD/ULSD,Weekly,8,2015-06-22 20:46:04,238263,2015-06-22
340,Valero,Contract,On Track,Out,115%,PILOT TRAVEL CENTE-122194-W/S - UNB Contract,237720,273378,Valero - Memphis (PBMM),274950,-1572,0,0,06/24 00:00:00 CDT,,DSL - LSD/ULSD,Daily,16,2015-06-23 23:46:01,278044,2015-06-23
341,Valero,Contract,Below Trend,Available,115%,PILOT TRAVEL CENTE-122194-W/S - UNB Contract,6656160,7654584,Valero - Memphis (PBMM),4972265,2682319,0,0,07/01 00:00:00 CDT,,DSL - LSD/ULSD,Monthly,16,2015-06-23 23:46:01,278046,2015-06-23
342,Valero,Contract,On Track,Limited,115%,PILOT TRAVEL CENTE-122194-W/S - UNB Contract,1664040,1913646,Valero - Memphis (PBMM),1419955,493691,0,0,06/25 00:00:00 CDT,,DSL - LSD/ULSD,Weekly,16,2015-06-23 23:46:01,278045,2015-06-23
343,Valero,Contract,On Track,Out,115%,PILOT TRAVEL CENTE-122194-W/S - UNB Contract,237720,273378,Valero - Memphis (PBMM),282595,-9217,0,0,06/25 00:00:00 CDT,,DSL - LSD/ULSD,Daily,11,2015-06-24 23:45:09,308375,2015-06-24
344,Valero,Contract,On Track,Available,115%,PILOT TRAVEL CENTE-122194-W/S - UNB Contract,6656160,7654584,Valero - Memphis (PBMM),5254860,2399724,0,0,07/01 00:00:00 CDT,,DSL - LSD/ULSD,Monthly,11,2015-06-24 23:45:09,308377,2015-06-24
345,Valero,Contract,On Track,Limited,115%,PILOT TRAVEL CENTE-122194-W/S - UNB Contract,1664040,1913646,Valero - Memphis (PBMM),1702550,211096,0,0,06/25 00:00:00 CDT,,DSL - LSD/ULSD,Weekly,11,2015-06-24 23:45:09,308376,2015-06-24
346,Valero,Contract,On Track,Limited,115%,PILOT TRAVEL CENTE-122194-W/S - UNB Contract,237720,273378,Valero - Memphis (PBMM),250709,22669,0,0,06/26 00:00:00 CDT,,DSL - LSD/ULSD,Daily,10,2015-06-25 20:45:09,336643,2015-06-25
347,Valero,Contract,On Track,Available,115%,PILOT TRAVEL CENTE-122194-W/S - UNB Contract,6656160,7654584,Valero - Memphis (PBMM),5505569,2149015,0,0,07/01 00:00:00 CDT,,DSL - LSD/ULSD,Monthly,10,2015-06-25 20:45:09,336645,2015-06-25
348,Valero,Contract,On Track,Available,115%,PILOT TRAVEL CENTE-122194-W/S - UNB Contract,1664040,1913646,Valero - Memphis (PBMM),250709,1662937,0,0,07/02 00:00:00 CDT,,DSL - LSD/ULSD,Weekly,10,2015-06-25 20:45:09,336644,2015-06-25
349,Valero,Contract,Below Trend,Limited,115%,PILOT TRAVEL CENTE-122194-W/S - UNB Contract,237720,273378,Valero - Memphis (PBMM),220132,53246,0,0,06/27 00:00:00 CDT,,DSL - LSD/ULSD,Daily,11,2015-06-26 23:45:10,368861,2015-06-26
350,Valero,Contract,On Track,Available,115%,PILOT TRAVEL CENTE-122194-W/S - UNB Contract,6656160,7654584,Valero - Memphis (PBMM),5748626,1905958,0,0,07/01 00:00:00 CDT,,DSL - LSD/ULSD,Monthly,11,2015-06-26 23:45:10,368863,2015-06-26
351,Valero,Contract,On Track,Available,115%,PILOT TRAVEL CENTE-122194-W/S - UNB Contract,1664040,1913646,Valero - Memphis (PBMM),493766,1419880,0,0,07/02 00:00:00 CDT,,DSL - LSD/ULSD,Weekly,11,2015-06-26 23:45:10,368862,2015-06-26
352,Valero,Contract,On Track,Limited,115%,PILOT TRAVEL CENTE-122194-W/S - UNB Contract,237720,273378,Valero - Memphis (PBMM),243484,29894,0,0,06/28 00:00:00 CDT,,DSL - LSD/ULSD,Daily,10,2015-06-27 23:45:10,395943,2015-06-27
353,Valero,Contract,On Track,Available,115%,PILOT TRAVEL CENTE-122194-W/S - UNB Contract,6656160,7654584,Valero - Memphis (PBMM),5992110,1662474,0,0,07/01 00:00:00 CDT,,DSL - LSD/ULSD,Monthly,10,2015-06-27 23:45:10,395945,2015-06-27
354,Valero,Contract,On Track,Available,115%,PILOT TRAVEL CENTE-122194-W/S - UNB Contract,1664040,1913646,Valero - Memphis (PBMM),737250,1176396,0,0,07/02 00:00:00 CDT,,DSL - LSD/ULSD,Weekly,10,2015-06-27 23:45:10,395944,2015-06-27
355,Valero,Contract,Below Trend,Available,115%,PILOT TRAVEL CENTE-122194-W/S - UNB Contract,237720,273378,Valero - Memphis (PBMM),176586,96792,0,0,06/29 00:00:00 CDT,,DSL - LSD/ULSD,Daily,10,2015-06-28 23:45:10,420304,2015-06-28
356,Valero,Contract,On Track,Available,115%,PILOT TRAVEL CENTE-122194-W/S - UNB Contract,6656160,7654584,Valero - Memphis (PBMM),6168696,1485888,0,0,07/01 00:00:00 CDT,,DSL - LSD/ULSD,Monthly,10,2015-06-28 23:45:10,420306,2015-06-28
357,Valero,Contract,Below Trend,Available,115%,PILOT TRAVEL CENTE-122194-W/S - UNB Contract,1664040,1913646,Valero - Memphis (PBMM),913836,999810,0,0,07/02 00:00:00 CDT,,DSL - LSD/ULSD,Weekly,10,2015-06-28 23:45:10,420305,2015-06-28
358,Valero,Contract,Below Trend,Limited,115%,PILOT TRAVEL CENTE-122194-W/S - UNB Contract,237720,273378,Valero - Memphis (PBMM),197912,75466,0,0,06/30 00:00:00 CDT,,DSL - LSD/ULSD,Daily,10,2015-06-29 23:45:12,451116,2015-06-29
359,Valero,Contract,On Track,Available,115%,PILOT TRAVEL CENTE-122194-W/S - UNB Contract,6656160,7654584,Valero - Memphis (PBMM),6366608,1287976,0,0,07/01 00:00:00 CDT,,DSL - LSD/ULSD,Monthly,10,2015-06-29 23:45:12,451118,2015-06-29
360,Valero,Contract,Below Trend,Available,115%,PILOT TRAVEL CENTE-122194-W/S - UNB Contract,1664040,1913646,Valero - Memphis (PBMM),1111748,801898,0,0,07/02 00:00:00 CDT,,DSL - LSD/ULSD,Weekly,10,2015-06-29 23:45:12,451117,2015-06-29
361,Valero,Contract,Below Trend,Limited,115%,PILOT TRAVEL CENTE-122194-W/S - UNB Contract,237720,273378,Valero - Memphis (PBMM),213954,59424,0,0,07/01 00:00:00 CDT,,DSL - LSD/ULSD,Daily,7,2015-06-30 23:45:10,477781,2015-06-30
362,Valero,Contract,On Track,Limited,115%,PILOT TRAVEL CENTE-122194-W/S - UNB Contract,6656160,7654584,Valero - Memphis (PBMM),6580562,1074022,0,0,07/01 00:00:00 CDT,,DSL - LSD/ULSD,Monthly,7,2015-06-30 23:45:10,477783,2015-06-30
363,Valero,Contract,Below Trend,Limited,115%,PILOT TRAVEL CENTE-122194-W/S - UNB Contract,1664040,1913646,Valero - Memphis (PBMM),1325702,587944,0,0,07/02 00:00:00 CDT,,DSL - LSD/ULSD,Weekly,7,2015-06-30 23:45:10,477782,2015-06-30
