index,Lifted_mod_daily_weekly_value,Lifted_mod_daily_nextrefresh,Lifted_actual_daily,Lifted_actual_weekly,Lifted_actual_monthly,Week_structure_weekly_value,Week_structure_next_refresh,date,account_type,supplier_terminal_name,product_name,"('base_gallons', 'Daily')","('base_gallons', 'Monthly')","('base_gallons', 'Weekly')",daily_nextrefresh_flag,daily_weekValue_flag,"('beginning_gallons', 'Daily')","('beginning_gallons', 'Monthly')","('beginning_gallons', 'Weekly')","('en_allocation_status', 'Daily')","('en_allocation_status', 'Monthly')","('en_allocation_status', 'Weekly')","('percentage_allocation', 'Daily')","('percentage_allocation', 'Monthly')","('percentage_allocation', 'Weekly')","('alerts_ratability', 'Daily')","('alerts_ratability', 'Monthly')","('alerts_ratability', 'Weekly')","('next_refresh_date', 'Daily')","('next_refresh_date', 'Monthly')",Modified_NRD,"('next_refresh_date', 'Weekly')",id,sanityWeekly_CumulativeDaily_WeeksByLiftedGallons,sanityWeekly_CumulativeDaily_NextRefreshDate,sanityMonthly_CumulativeDaily_WeeksByLiftedGallons,sanityMonthly_CumulativeDaily_WeeksByNextRefreshDate
"2015-06-01 00:00:00",0,0,0,0,0,w1,w1,"2015-06-01 00:00:00","PILOT TRAVEL CENTERS LLC : CHV7460761","1002 TRACY CA TRM CHEVRON","DIESEL #2",0,0,0,0,0,0,0,0,0,0,0,0,0,0,0,0,0,0,0,1,"2015-06-03 00:00:00",0,1,1,1,1
"2015-06-02 00:00:00",0,0,0,139253,0,w1,w1,"2015-06-02 00:00:00","PILOT TRAVEL CENTERS LLC : CHV7460761","1002 TRACY CA TRM CHEVRON","DIESEL #2",38014,1140406,266095,0,0,57021,1254447,332619,Available,Available,Available,150%,110%,125%,"Below Trend","Below Trend","On Target","06/03 00:00:00 PDT","07/01 00:00:00 PDT",0,"2015-06-03 00:00:00",12,0,0,1,1
"2015-06-03 00:00:00",0,0,0,0,0,w2,w2,"2015-06-03 00:00:00","PILOT TRAVEL CENTERS LLC : CHV7460761","1002 TRACY CA TRM CHEVRON","DIESEL #2",38014,1140406,266095,0,0,57021,1254447,332619,Available,Available,Available,150%,110%,125%,"Below Trend","Below Trend","Below Trend","06/04 00:00:00 PDT","07/01 00:00:00 PDT",0,"2015-06-10 00:00:00",39,1,1,1,1
"2015-06-04 00:00:00",0,0,0,0,0,w2,w2,"2015-06-04 00:00:00","PILOT TRAVEL CENTERS LLC : CHV7460761","1002 TRACY CA TRM CHEVRON","DIESEL #2",38014,1140406,266095,0,0,57021,1254447,332619,Available,Available,Available,150%,110%,125%,"Below Trend","Below Trend","Below Trend","06/05 00:00:00 PDT","07/01 00:00:00 PDT",0,"2015-06-10 00:00:00",66,1,1,1,1
"2015-06-05 00:00:00",0,0,0,0,0,w2,w2,"2015-06-05 00:00:00","PILOT TRAVEL CENTERS LLC : CHV7460761","1002 TRACY CA TRM CHEVRON","DIESEL #2",38014,1140406,266095,0,0,57021,1254447,332619,Available,Available,Available,150%,110%,125%,"Below Trend","Below Trend","Below Trend","06/06 00:00:00 PDT","07/01 00:00:00 PDT",0,"2015-06-10 00:00:00",93,1,1,1,1
"2015-06-06 00:00:00",0,0,0,0,0,w2,w2,"2015-06-06 00:00:00","PILOT TRAVEL CENTERS LLC : CHV7460761","1002 TRACY CA TRM CHEVRON","DIESEL #2",0,0,0,0,0,0,0,0,0,0,0,0,0,0,0,0,0,0,0,1,"2015-06-10 00:00:00",0,1,1,1,1
"2015-06-07 00:00:00",0,0,0,0,0,w2,w2,"2015-06-07 00:00:00","PILOT TRAVEL CENTERS LLC : CHV7460761","1002 TRACY CA TRM CHEVRON","DIESEL #2",0,0,0,0,0,0,0,0,0,0,0,0,0,0,0,0,0,0,0,1,"2015-06-10 00:00:00",0,1,1,1,1
"2015-06-08 00:00:00",0,0,0,0,0,w2,w2,"2015-06-08 00:00:00","PILOT TRAVEL CENTERS LLC : CHV7460761","1002 TRACY CA TRM CHEVRON","DIESEL #2",38014,1140406,266095,0,0,57021,1254447,332619,Available,Available,Available,150%,110%,125%,"Below Trend","Below Trend","Below Trend","06/08 00:00:00 PDT","07/01 00:00:00 PDT",0,"2015-06-10 00:00:00",120,1,1,1,1
"2015-06-09 00:00:00",0,0,0,0,0,w2,w2,"2015-06-09 00:00:00","PILOT TRAVEL CENTERS LLC : CHV7460761","1002 TRACY CA TRM CHEVRON","DIESEL #2",0,0,0,0,0,0,0,0,0,0,0,0,0,0,0,0,0,0,0,1,"2015-06-10 00:00:00",0,1,1,1,1
"2015-06-10 00:00:00",0,0,0,0,0,w2,w2,"2015-06-10 00:00:00","PILOT TRAVEL CENTERS LLC : CHV7460761","1002 TRACY CA TRM CHEVRON","DIESEL #2",38014,1140406,266095,0,0,57021,1254447,332619,Available,Available,Available,150%,110%,125%,"Below Trend","Below Trend","Below Trend","06/10 00:00:00 PDT","07/01 00:00:00 PDT",0,"2015-06-10 00:00:00",150,1,1,1,1
"2015-06-11 00:00:00",0,0,0,0,0,w2,w3,"2015-06-11 00:00:00","PILOT TRAVEL CENTERS LLC : CHV7460761","1002 TRACY CA TRM CHEVRON","DIESEL #2",38014,1140406,266095,0,0,57021,1254447,332619,Available,Available,Available,150%,110%,125%,"Below Trend","Below Trend","Below Trend","06/12 00:00:00 PDT","07/01 00:00:00 PDT",0,"2015-06-17 00:00:00",177,1,1,1,1
"2015-06-12 00:00:00",0,0,0,0,0,w2,w3,"2015-06-12 00:00:00","PILOT TRAVEL CENTERS LLC : CHV7460761","1002 TRACY CA TRM CHEVRON","DIESEL #2",0,0,0,0,0,0,0,0,0,0,0,0,0,0,0,0,0,0,0,1,"2015-06-17 00:00:00",0,1,1,1,1
"2015-06-13 00:00:00",0,0,0,30811,30811,w2,w3,"2015-06-13 00:00:00","PILOT TRAVEL CENTERS LLC : CHV7460761","1002 TRACY CA TRM CHEVRON","DIESEL #2",38014,1140406,266095,0,0,57021,1254447,332619,Available,Available,Available,150%,110%,125%,"Below Trend","Below Trend","Below Trend","06/14 00:00:00 PDT","07/01 00:00:00 PDT",0,"2015-06-17 00:00:00",204,0,0,0,0
"2015-06-14 00:00:00",7802,7802,7802,38613,38613,w2,w3,"2015-06-14 00:00:00","PILOT TRAVEL CENTERS LLC : CHV7460761","1002 TRACY CA TRM CHEVRON","DIESEL #2",38014,1140406,266095,0,0,57021,1254447,332619,Available,Available,Available,150%,110%,125%,"Below Trend","Below Trend","Below Trend","06/15 00:00:00 PDT","07/01 00:00:00 PDT",0,"2015-06-17 00:00:00",231,0,0,0,0
"2015-06-15 00:00:00",38514,38514,38514,77127,77127,w2,w3,"2015-06-15 00:00:00","PILOT TRAVEL CENTERS LLC : CHV7460761","1002 TRACY CA TRM CHEVRON","DIESEL #2",38014,1140406,266095,0,0,57021,1254447,332619,Limited,Available,Available,150%,110%,125%,"On Target","Below Trend","On Target","06/16 00:00:00 PDT","07/01 00:00:00 PDT",0,"2015-06-17 00:00:00",258,0,0,0,0
"2015-06-16 00:00:00",30812,30812,30812,107939,107939,w2,w3,"2015-06-16 00:00:00","PILOT TRAVEL CENTERS LLC : CHV7460761","1002 TRACY CA TRM CHEVRON","DIESEL #2",38014,1140406,266095,0,0,57021,1254447,332619,Limited,Available,Available,150%,110%,125%,"On Target","Below Trend","On Target","06/17 00:00:00 PDT","07/01 00:00:00 PDT",0,"2015-06-17 00:00:00",285,0,0,0,0
"2015-06-17 00:00:00",29107,29107,29107,29107,137046,w3,w4,"2015-06-17 00:00:00","PILOT TRAVEL CENTERS LLC : CHV7460761","1002 TRACY CA TRM CHEVRON","DIESEL #2",38014,1140406,266095,0,0,57021,1254447,332619,Limited,Available,Available,150%,110%,125%,"On Target","Below Trend","On Target","06/18 00:00:00 PDT","07/01 00:00:00 PDT",0,"2015-06-24 00:00:00",312,1,1,0,0
"2015-06-18 00:00:00",15407,15407,15407,44514,152453,w3,w4,"2015-06-18 00:00:00","PILOT TRAVEL CENTERS LLC : CHV7460761","1002 TRACY CA TRM CHEVRON","DIESEL #2",38014,1140406,266095,0,0,57021,1254447,332619,Available,Available,Available,150%,110%,125%,"On Target","On Target","On Target","06/19 00:00:00 PDT","07/01 00:00:00 PDT",0,"2015-06-24 00:00:00",339,1,1,0,0
"2015-06-19 00:00:00",23110,23110,23110,67624,175563,w3,w4,"2015-06-19 00:00:00","PILOT TRAVEL CENTERS LLC : CHV7460761","1002 TRACY CA TRM CHEVRON","DIESEL #2",38014,1140406,266095,0,0,57021,1254447,332619,Available,Available,Available,150%,110%,125%,"On Target","On Target","On Target","06/20 00:00:00 PDT","07/01 00:00:00 PDT",0,"2015-06-24 00:00:00",366,1,1,0,0
"2015-06-20 00:00:00",0,0,0,67624,175563,w3,w4,"2015-06-20 00:00:00","PILOT TRAVEL CENTERS LLC : CHV7460761","1002 TRACY CA TRM CHEVRON","DIESEL #2",38014,1140406,266095,0,0,57021,1254447,332619,Available,Available,Available,150%,110%,125%,"Below Trend","On Target","On Target","06/21 00:00:00 PDT","07/01 00:00:00 PDT",0,"2015-06-24 00:00:00",393,1,1,0,0
"2015-06-21 00:00:00",7803,7803,7803,75427,183366,w3,w4,"2015-06-21 00:00:00","PILOT TRAVEL CENTERS LLC : CHV7460761","1002 TRACY CA TRM CHEVRON","DIESEL #2",38014,1140406,266095,0,0,57021,1254447,332619,Available,Available,Available,150%,110%,125%,"Below Trend","On Target","On Target","06/22 00:00:00 PDT","07/01 00:00:00 PDT",0,"2015-06-24 00:00:00",420,1,1,0,0
"2015-06-22 00:00:00",53914,53914,53914,129341,237280,w3,w4,"2015-06-22 00:00:00","PILOT TRAVEL CENTERS LLC : CHV7460761","1002 TRACY CA TRM CHEVRON","DIESEL #2",38014,1140406,266095,0,0,57021,1254447,332619,Low,Available,Available,150%,110%,125%,"Above Trend","On Target","On Target","06/23 00:00:00 PDT","07/01 00:00:00 PDT",0,"2015-06-24 00:00:00",447,1,1,0,0
"2015-06-23 00:00:00",38512,38512,38512,167853,275792,w3,w4,"2015-06-23 00:00:00","PILOT TRAVEL CENTERS LLC : CHV7460761","1002 TRACY CA TRM CHEVRON","DIESEL #2",38014,1140406,266095,0,0,57021,1254447,332619,Limited,Available,Available,150%,110%,125%,"On Target","On Target","On Target","06/24 00:00:00 PDT","07/01 00:00:00 PDT",0,"2015-06-24 00:00:00",474,1,1,0,0
"2015-06-24 00:00:00",38515,38515,38515,38515,314307,w4,w5,"2015-06-24 00:00:00","PILOT TRAVEL CENTERS LLC : CHV7460761","1002 TRACY CA TRM CHEVRON","DIESEL #2",38014,1140406,266095,0,0,57021,1254447,332619,Limited,Available,Available,150%,110%,125%,"On Target","On Target","Above Trend","06/25 00:00:00 PDT","07/01 00:00:00 PDT",0,"2015-07-01 00:00:00",501,1,1,0,0
"2015-06-25 00:00:00",46117,46117,38414,84632,360424,w4,w5,"2015-06-25 00:00:00","PILOT TRAVEL CENTERS LLC : CHV7460761","1002 TRACY CA TRM CHEVRON","DIESEL #2",38014,1140406,266095,1,1,57021,1254447,332619,Limited,Available,Available,150%,110%,125%,"On Target","On Target","Above Trend","06/26 00:00:00 PDT","07/01 00:00:00 PDT",0,"2015-07-01 00:00:00",527,1,1,0,0
"2015-06-26 00:00:00",46215,46215,46215,130847,406639,w4,w5,"2015-06-26 00:00:00","PILOT TRAVEL CENTERS LLC : CHV7460761","1002 TRACY CA TRM CHEVRON","DIESEL #2",38014,1140406,266095,0,0,57021,1254447,332619,Low,Available,Available,150%,110%,125%,"Above Trend","On Target","Above Trend","06/27 00:00:00 PDT","07/01 00:00:00 PDT",0,"2015-07-01 00:00:00",553,1,1,0,0
"2015-06-27 00:00:00",7604,7604,7604,138451,414243,w4,w5,"2015-06-27 00:00:00","PILOT TRAVEL CENTERS LLC : CHV7460761","1002 TRACY CA TRM CHEVRON","DIESEL #2",38014,1140406,266095,0,0,57021,1254447,332619,Available,Available,Available,150%,110%,125%,"Below Trend","On Target","On Target","06/28 00:00:00 PDT","07/01 00:00:00 PDT",0,"2015-07-01 00:00:00",579,1,1,0,0
"2015-06-28 00:00:00",7703,7703,7703,146154,421946,w4,w5,"2015-06-28 00:00:00","PILOT TRAVEL CENTERS LLC : CHV7460761","1002 TRACY CA TRM CHEVRON","DIESEL #2",38014,1140406,266095,0,0,57021,1254447,332619,Available,Available,Available,150%,110%,125%,"Below Trend","On Target","On Target","06/29 00:00:00 PDT","07/01 00:00:00 PDT",0,"2015-07-01 00:00:00",605,1,1,0,0
"2015-06-29 00:00:00",23105,23105,23105,169259,445051,w4,w5,"2015-06-29 00:00:00","PILOT TRAVEL CENTERS LLC : CHV7460761","1002 TRACY CA TRM CHEVRON","DIESEL #2",38014,1140406,266095,0,0,57021,1254447,332619,Available,Available,Available,150%,110%,125%,"On Target","On Target","On Target","06/30 00:00:00 PDT","07/01 00:00:00 PDT",0,"2015-07-01 00:00:00",631,1,1,0,0
"2015-06-30 00:00:00",38414,38414,38414,207673,483465,w4,w5,"2015-06-30 00:00:00","PILOT TRAVEL CENTERS LLC : CHV7460761","1002 TRACY CA TRM CHEVRON","DIESEL #2",38014,1140406,266095,0,0,57021,1254447,332619,Limited,Available,Limited,150%,110%,125%,"On Target","On Target","On Target","07/01 00:00:00 PDT","07/01 00:00:00 PDT",0,"2015-07-01 00:00:00",657,1,1,0,0
"2015-06-01 00:00:00",0,0,0,0,0,w1,w1,"2015-06-01 00:00:00","PILOT TRAVEL CENTERS LLC : CHV7460761","1022 TAMPA FL TRM CHEVRON","DIESEL #2",0,0,0,0,0,0,0,0,0,0,0,0,0,0,0,0,0,0,0,1,"2015-06-03 00:00:00",0,1,1,1,1
"2015-06-02 00:00:00",28232,28232,28232,540102,118950,w1,w1,"2015-06-02 00:00:00","PILOT TRAVEL CENTERS LLC : CHV7460761","1022 TAMPA FL TRM CHEVRON","DIESEL #2",92400,2772000,646800,0,0,138600,3049200,808500,Available,Available,Limited,150%,110%,125%,"On Target","Above Trend","On Target","06/03 00:00:00 EDT","07/01 00:00:00 EDT",0,"2015-06-03 00:00:00",14,0,0,0,0
"2015-06-03 00:00:00",45481,45481,45481,45481,232457,w2,w2,"2015-06-03 00:00:00","PILOT TRAVEL CENTERS LLC : CHV7460761","1022 TAMPA FL TRM CHEVRON","DIESEL #2",92400,2772000,646800,0,0,138600,3049200,808500,Available,Available,Available,150%,110%,125%,"Above Trend","Above Trend","Above Trend","06/04 00:00:00 EDT","07/01 00:00:00 EDT",0,"2015-06-10 00:00:00",41,1,1,0,0
"2015-06-04 00:00:00",112225,112225,19871,157706,344682,w2,w2,"2015-06-04 00:00:00","PILOT TRAVEL CENTERS LLC : CHV7460761","1022 TAMPA FL TRM CHEVRON","DIESEL #2",92400,2772000,646800,1,1,138600,3049200,808500,Available,Available,Available,150%,110%,125%,"On Target","Above Trend","Above Trend","06/05 00:00:00 EDT","07/01 00:00:00 EDT",0,"2015-06-10 00:00:00",68,1,1,0,0
"2015-06-05 00:00:00",72791,72791,13340,230497,417473,w2,w2,"2015-06-05 00:00:00","PILOT TRAVEL CENTERS LLC : CHV7460761","1022 TAMPA FL TRM CHEVRON","DIESEL #2",92400,2772000,646800,1,1,138600,3049200,808500,Available,Available,Available,150%,110%,125%,"On Target","Above Trend","Above Trend","06/06 00:00:00 EDT","07/01 00:00:00 EDT",0,"2015-06-10 00:00:00",95,1,1,0,0
"2015-06-06 00:00:00",0,0,0,0,0,w3,w2,"2015-06-06 00:00:00","PILOT TRAVEL CENTERS LLC : CHV7460761","1022 TAMPA FL TRM CHEVRON","DIESEL #2",0,0,0,0,0,0,0,0,0,0,0,0,0,0,0,0,0,0,0,1,"2015-06-10 00:00:00",0,1,0,0,0
"2015-06-07 00:00:00",0,0,0,0,0,w3,w2,"2015-06-07 00:00:00","PILOT TRAVEL CENTERS LLC : CHV7460761","1022 TAMPA FL TRM CHEVRON","DIESEL #2",0,0,0,0,0,0,0,0,0,0,0,0,0,0,0,0,0,0,0,1,"2015-06-10 00:00:00",0,1,0,0,0
"2015-06-08 00:00:00",0,0,0,387722,574698,w3,w2,"2015-06-08 00:00:00","PILOT TRAVEL CENTERS LLC : CHV7460761","1022 TAMPA FL TRM CHEVRON","DIESEL #2",92400,2772000,646800,0,0,138600,3049200,808500,Available,Available,Available,150%,110%,125%,"Below Trend","Above Trend","On Target","06/09 00:00:00 EDT","07/01 00:00:00 EDT",0,"2015-06-10 00:00:00",122,0,0,0,0
"2015-06-09 00:00:00",0,0,0,0,0,w4,w2,"2015-06-09 00:00:00","PILOT TRAVEL CENTERS LLC : CHV7460761","1022 TAMPA FL TRM CHEVRON","DIESEL #2",0,0,0,0,0,0,0,0,0,0,0,0,0,0,0,0,0,0,0,1,"2015-06-10 00:00:00",0,1,0,0,0
"2015-06-10 00:00:00",0,0,0,0,762797,w4,w3,"2015-06-10 00:00:00","PILOT TRAVEL CENTERS LLC : CHV7460761","1022 TAMPA FL TRM CHEVRON","DIESEL #2",92400,2772000,646800,0,0,138600,3049200,808500,Available,Available,Available,150%,110%,125%,"Below Trend","Above Trend","Below Trend","06/11 00:00:00 EDT","07/01 00:00:00 EDT",0,"2015-06-17 00:00:00",152,1,1,0,0
"2015-06-11 00:00:00",22518,22518,22518,126777,889574,w4,w3,"2015-06-11 00:00:00","PILOT TRAVEL CENTERS LLC : CHV7460761","1022 TAMPA FL TRM CHEVRON","DIESEL #2",92400,2772000,646800,0,0,138600,3049200,808500,Available,Available,Available,150%,110%,125%,"On Target","Above Trend","Above Trend","06/12 00:00:00 EDT","07/01 00:00:00 EDT",0,"2015-06-17 00:00:00",179,0,0,0,0
"2015-06-12 00:00:00",0,118401,0,0,0,w5,w3,"2015-06-12 00:00:00","PILOT TRAVEL CENTERS LLC : CHV7460761","1022 TAMPA FL TRM CHEVRON","DIESEL #2",0,0,0,0,2,0,0,0,0,0,0,0,0,0,0,0,0,0,0,1,"2015-06-17 00:00:00",0,1,0,0,0
"2015-06-13 00:00:00",59836,59836,59836,305014,1067811,w5,w3,"2015-06-13 00:00:00","PILOT TRAVEL CENTERS LLC : CHV7460761","1022 TAMPA FL TRM CHEVRON","DIESEL #2",92400,2772000,646800,0,0,138600,3049200,808500,Available,Available,Available,150%,110%,125%,"On Target","Above Trend","On Target","06/14 00:00:00 EDT","07/01 00:00:00 EDT",0,"2015-06-17 00:00:00",206,0,0,0,0
"2015-06-14 00:00:00",38409,38409,38409,343423,1106220,w5,w3,"2015-06-14 00:00:00","PILOT TRAVEL CENTERS LLC : CHV7460761","1022 TAMPA FL TRM CHEVRON","DIESEL #2",92400,2772000,646800,0,0,138600,3049200,808500,Available,Available,Available,150%,110%,125%,"On Target","On Target","On Target","06/15 00:00:00 EDT","07/01 00:00:00 EDT",0,"2015-06-17 00:00:00",233,0,0,0,0
"2015-06-15 00:00:00",75454,75454,75454,418877,1181674,w5,w3,"2015-06-15 00:00:00","PILOT TRAVEL CENTERS LLC : CHV7460761","1022 TAMPA FL TRM CHEVRON","DIESEL #2",92400,2772000,646800,0,0,138600,3049200,808500,Limited,Available,Limited,150%,110%,125%,"On Target","On Target","On Target","06/16 00:00:00 EDT","07/01 00:00:00 EDT",0,"2015-06-17 00:00:00",260,0,0,0,0
"2015-06-16 00:00:00",53230,53230,53230,472107,1234904,w5,w3,"2015-06-16 00:00:00","PILOT TRAVEL CENTERS LLC : CHV7460761","1022 TAMPA FL TRM CHEVRON","DIESEL #2",92400,2772000,646800,0,0,138600,3049200,808500,Available,Available,Limited,150%,110%,125%,"On Target","On Target","On Target","06/17 00:00:00 EDT","07/01 00:00:00 EDT",0,"2015-06-17 00:00:00",287,0,0,0,0
"2015-06-17 00:00:00",97164,97164,97164,97164,1332068,w6,w4,"2015-06-17 00:00:00","PILOT TRAVEL CENTERS LLC : CHV7460761","1022 TAMPA FL TRM CHEVRON","DIESEL #2",92400,2772000,646800,0,0,138600,3049200,808500,Limited,Available,Available,150%,110%,125%,"On Target","On Target","Above Trend","06/18 00:00:00 EDT","07/01 00:00:00 EDT",0,"2015-06-24 00:00:00",314,1,1,0,0
"2015-06-18 00:00:00",141844,141844,134239,239008,1473912,w6,w4,"2015-06-18 00:00:00","PILOT TRAVEL CENTERS LLC : CHV7460761","1022 TAMPA FL TRM CHEVRON","DIESEL #2",92400,2772000,646800,1,1,138600,3049200,808500,Low,Available,Available,150%,110%,125%,"Above Trend","Above Trend","Above Trend","06/19 00:00:00 EDT","07/01 00:00:00 EDT",0,"2015-06-24 00:00:00",341,1,1,0,0
"2015-06-19 00:00:00",97738,97738,97738,336746,1571650,w6,w4,"2015-06-19 00:00:00","PILOT TRAVEL CENTERS LLC : CHV7460761","1022 TAMPA FL TRM CHEVRON","DIESEL #2",92400,2772000,646800,0,0,138600,3049200,808500,Limited,Limited,Available,150%,110%,125%,"Above Trend","Above Trend","Above Trend","06/20 00:00:00 EDT","07/01 00:00:00 EDT",0,"2015-06-24 00:00:00",368,1,1,0,0
"2015-06-20 00:00:00",75874,75874,60569,412620,1647524,w6,w4,"2015-06-20 00:00:00","PILOT TRAVEL CENTERS LLC : CHV7460761","1022 TAMPA FL TRM CHEVRON","DIESEL #2",92400,2772000,646800,1,1,138600,3049200,808500,Available,Limited,Limited,150%,110%,125%,"On Target","Above Trend","Above Trend","06/21 00:00:00 EDT","07/01 00:00:00 EDT",0,"2015-06-24 00:00:00",395,1,1,0,0
"2015-06-21 00:00:00",7605,7605,7605,420225,1655129,w6,w4,"2015-06-21 00:00:00","PILOT TRAVEL CENTERS LLC : CHV7460761","1022 TAMPA FL TRM CHEVRON","DIESEL #2",92400,2772000,646800,0,0,138600,3049200,808500,Available,Limited,Limited,150%,110%,125%,"Below Trend","On Target","On Target","06/22 00:00:00 EDT","07/01 00:00:00 EDT",0,"2015-06-24 00:00:00",422,1,1,0,0
"2015-06-22 00:00:00",82930,82930,82930,503155,1738059,w6,w4,"2015-06-22 00:00:00","PILOT TRAVEL CENTERS LLC : CHV7460761","1022 TAMPA FL TRM CHEVRON","DIESEL #2",92400,2772000,646800,0,0,138600,3049200,808500,Limited,Limited,Limited,150%,110%,125%,"On Target","On Target","On Target","06/23 00:00:00 EDT","07/01 00:00:00 EDT",0,"2015-06-24 00:00:00",449,1,1,0,0
"2015-06-23 00:00:00",113017,113017,105514,616172,1851076,w6,w4,"2015-06-23 00:00:00","PILOT TRAVEL CENTERS LLC : CHV7460761","1022 TAMPA FL TRM CHEVRON","DIESEL #2",92400,2772000,646800,1,1,138600,3049200,808500,Limited,Limited,Limited,150%,110%,125%,"On Target","On Target","On Target","06/24 00:00:00 EDT","07/01 00:00:00 EDT",0,"2015-06-24 00:00:00",476,1,1,0,0
"2015-06-24 00:00:00",128472,128472,128472,128472,1979548,w7,w5,"2015-06-24 00:00:00","PILOT TRAVEL CENTERS LLC : CHV7460761","1022 TAMPA FL TRM CHEVRON","DIESEL #2",92400,2772000,646800,0,0,138600,3049200,808500,Low,Limited,Available,150%,110%,125%,"Above Trend","Above Trend","Above Trend","06/25 00:00:00 EDT","07/01 00:00:00 EDT",0,"2015-07-01 00:00:00",503,1,1,0,0
"2015-06-25 00:00:00",90732,90732,90732,219204,2070280,w7,w5,"2015-06-25 00:00:00","PILOT TRAVEL CENTERS LLC : CHV7460761","1022 TAMPA FL TRM CHEVRON","DIESEL #2",92400,2772000,646800,0,0,138600,3049200,808500,Limited,Limited,Available,150%,110%,125%,"On Target","Above Trend","Above Trend","06/26 00:00:00 EDT","07/01 00:00:00 EDT",0,"2015-07-01 00:00:00",529,1,1,0,0
"2015-06-26 00:00:00",105353,105353,105353,324557,2175633,w7,w5,"2015-06-26 00:00:00","PILOT TRAVEL CENTERS LLC : CHV7460761","1022 TAMPA FL TRM CHEVRON","DIESEL #2",92400,2772000,646800,0,0,138600,3049200,808500,Limited,Limited,Available,150%,110%,125%,"On Target","Above Trend","Above Trend","06/27 00:00:00 EDT","07/01 00:00:00 EDT",0,"2015-07-01 00:00:00",555,1,1,0,0
"2015-06-27 00:00:00",37774,37774,37774,362331,2213407,w7,w5,"2015-06-27 00:00:00","PILOT TRAVEL CENTERS LLC : CHV7460761","1022 TAMPA FL TRM CHEVRON","DIESEL #2",92400,2772000,646800,0,0,138600,3049200,808500,Available,Limited,Available,150%,110%,125%,"On Target","Above Trend","On Target","06/28 00:00:00 EDT","07/01 00:00:00 EDT",0,"2015-07-01 00:00:00",581,1,1,0,0
"2015-06-28 00:00:00",22507,22507,22507,384838,2235914,w7,w5,"2015-06-28 00:00:00","PILOT TRAVEL CENTERS LLC : CHV7460761","1022 TAMPA FL TRM CHEVRON","DIESEL #2",92400,2772000,646800,0,0,138600,3049200,808500,Available,Limited,Available,150%,110%,125%,"Below Trend","On Target","On Target","06/29 00:00:00 EDT","07/01 00:00:00 EDT",0,"2015-07-01 00:00:00",607,1,1,0,0
"2015-06-29 00:00:00",117328,117328,117328,502166,2353242,w7,w5,"2015-06-29 00:00:00","PILOT TRAVEL CENTERS LLC : CHV7460761","1022 TAMPA FL TRM CHEVRON","DIESEL #2",106667,3200000,746667,0,0,160001,3520000,933334,Limited,Limited,Limited,150%,110%,125%,"On Target","On Target","On Target","06/30 00:00:00 EDT","07/01 00:00:00 EDT",0,"2015-07-01 00:00:00",633,1,1,0,0
"2015-06-30 00:00:00",165737,165737,165737,667903,2518979,w7,w5,"2015-06-30 00:00:00","PILOT TRAVEL CENTERS LLC : CHV7460761","1022 TAMPA FL TRM CHEVRON","DIESEL #2",106667,3200000,746667,0,0,160001,3520000,933334,Out,Limited,Limited,150%,110%,125%,"Above Trend","On Target","On Target","07/01 00:00:00 EDT","07/01 00:00:00 EDT",0,"2015-07-01 00:00:00",659,1,1,0,0
"2015-06-01 00:00:00",0,0,0,0,0,w1,w1,"2015-06-01 00:00:00","PILOT TRAVEL CENTERS LLC : CHV7460761","1037 PASCAGOULA MS TRM CHEVRON","DIESEL #2",0,0,0,0,0,0,0,0,0,0,0,0,0,0,0,0,0,0,0,1,"2015-06-03 00:00:00",0,1,1,1,1
"2015-06-02 00:00:00",20295,20295,20295,463209,85417,w1,w1,"2015-06-02 00:00:00","PILOT TRAVEL CENTERS LLC : CHV7460761","1037 PASCAGOULA MS TRM CHEVRON","DIESEL #2",79800,2393998,558600,0,0,119700,2633398,698250,Available,Available,Limited,150%,110%,125%,"On Target","On Target","On Target","06/03 00:00:00 CDT","07/01 00:00:00 CDT",0,"2015-06-03 00:00:00",16,0,0,0,0
"2015-06-03 00:00:00",15273,15273,15273,15273,149392,w2,w2,"2015-06-03 00:00:00","PILOT TRAVEL CENTERS LLC : CHV7460761","1037 PASCAGOULA MS TRM CHEVRON","DIESEL #2",79800,2393998,558600,0,0,119700,2633398,698250,Available,Available,Available,150%,110%,125%,"On Target","On Target","On Target","06/04 00:00:00 CDT","07/01 00:00:00 CDT",0,"2015-06-10 00:00:00",43,1,1,0,0
"2015-06-04 00:00:00",68791,68791,11822,84064,218183,w2,w2,"2015-06-04 00:00:00","PILOT TRAVEL CENTERS LLC : CHV7460761","1037 PASCAGOULA MS TRM CHEVRON","DIESEL #2",79800,2393998,558600,1,1,119700,2633398,698250,Available,Available,Available,150%,110%,125%,"On Target","On Target","On Target","06/05 00:00:00 CDT","07/01 00:00:00 CDT",0,"2015-06-10 00:00:00",70,1,1,0,0
"2015-06-05 00:00:00",75982,75982,0,160046,294165,w2,w2,"2015-06-05 00:00:00","PILOT TRAVEL CENTERS LLC : CHV7460761","1037 PASCAGOULA MS TRM CHEVRON","DIESEL #2",79800,2393998,558600,1,1,119700,2633398,698250,Available,Available,Available,150%,110%,125%,"Below Trend","Above Trend","On Target","06/06 00:00:00 CDT","07/01 00:00:00 CDT",0,"2015-06-10 00:00:00",97,1,1,0,0
"2015-06-06 00:00:00",0,0,0,0,0,w3,w2,"2015-06-06 00:00:00","PILOT TRAVEL CENTERS LLC : CHV7460761","1037 PASCAGOULA MS TRM CHEVRON","DIESEL #2",0,0,0,0,0,0,0,0,0,0,0,0,0,0,0,0,0,0,0,1,"2015-06-10 00:00:00",0,1,0,0,0
"2015-06-07 00:00:00",0,0,0,0,0,w3,w2,"2015-06-07 00:00:00","PILOT TRAVEL CENTERS LLC : CHV7460761","1037 PASCAGOULA MS TRM CHEVRON","DIESEL #2",0,0,0,0,0,0,0,0,0,0,0,0,0,0,0,0,0,0,0,1,"2015-06-10 00:00:00",0,1,0,0,0
"2015-06-08 00:00:00",50776,50776,50776,307153,441272,w3,w2,"2015-06-08 00:00:00","PILOT TRAVEL CENTERS LLC : CHV7460761","1037 PASCAGOULA MS TRM CHEVRON","DIESEL #2",79800,2393998,558600,0,0,119700,2633398,698250,Available,Available,Available,150%,110%,125%,"On Target","On Target","On Target","06/08 00:00:00 CDT","07/01 00:00:00 CDT",0,"2015-06-10 00:00:00",124,0,0,0,0
"2015-06-09 00:00:00",0,0,0,0,0,w4,w2,"2015-06-09 00:00:00","PILOT TRAVEL CENTERS LLC : CHV7460761","1037 PASCAGOULA MS TRM CHEVRON","DIESEL #2",0,0,0,0,0,0,0,0,0,0,0,0,0,0,0,0,0,0,0,1,"2015-06-10 00:00:00",0,1,0,0,0
"2015-06-10 00:00:00",76742,76742,76742,453333,587452,w4,w2,"2015-06-10 00:00:00","PILOT TRAVEL CENTERS LLC : CHV7460761","1037 PASCAGOULA MS TRM CHEVRON","DIESEL #2",79800,2393998,558600,0,0,119700,2633398,698250,Limited,Available,Limited,150%,110%,125%,"On Target","On Target","On Target","06/10 00:00:00 CDT","07/01 00:00:00 CDT",0,"2015-06-10 00:00:00",154,0,0,0,0
"2015-06-11 00:00:00",119233,119233,19095,119233,706685,w5,w3,"2015-06-11 00:00:00","PILOT TRAVEL CENTERS LLC : CHV7460761","1037 PASCAGOULA MS TRM CHEVRON","DIESEL #2",79800,2393998,558600,1,1,119700,2633398,698250,Available,Available,Available,150%,110%,125%,"On Target","On Target","Above Trend","06/12 00:00:00 CDT","07/01 00:00:00 CDT",0,"2015-06-17 00:00:00",181,1,1,0,0
"2015-06-12 00:00:00",0,135230,0,0,0,w6,w3,"2015-06-12 00:00:00","PILOT TRAVEL CENTERS LLC : CHV7460761","1037 PASCAGOULA MS TRM CHEVRON","DIESEL #2",0,0,0,0,2,0,0,0,0,0,0,0,0,0,0,0,0,0,0,1,"2015-06-17 00:00:00",0,1,0,0,0
"2015-06-13 00:00:00",66086,66086,66086,320549,908001,w6,w3,"2015-06-13 00:00:00","PILOT TRAVEL CENTERS LLC : CHV7460761","1037 PASCAGOULA MS TRM CHEVRON","DIESEL #2",79800,2393998,558600,0,0,119700,2633398,698250,Limited,Available,Available,150%,110%,125%,"On Target","On Target","Above Trend","06/14 00:00:00 CDT","07/01 00:00:00 CDT",0,"2015-06-17 00:00:00",208,0,1,0,0
"2015-06-14 00:00:00",61506,61506,53782,382055,969507,w6,w3,"2015-06-14 00:00:00","PILOT TRAVEL CENTERS LLC : CHV7460761","1037 PASCAGOULA MS TRM CHEVRON","DIESEL #2",79800,2393998,558600,1,1,119700,2633398,698250,Available,Available,Limited,150%,110%,125%,"On Target","On Target","On Target","06/15 00:00:00 CDT","07/01 00:00:00 CDT",0,"2015-06-17 00:00:00",235,0,1,0,0
"2015-06-15 00:00:00",70719,70719,66718,452774,1040226,w6,w3,"2015-06-15 00:00:00","PILOT TRAVEL CENTERS LLC : CHV7460761","1037 PASCAGOULA MS TRM CHEVRON","DIESEL #2",79800,2393998,558600,1,1,119700,2633398,698250,Limited,Available,Limited,150%,110%,125%,"On Target","On Target","On Target","06/16 00:00:00 CDT","07/01 00:00:00 CDT",0,"2015-06-17 00:00:00",262,0,1,0,0
"2015-06-16 00:00:00",69742,69742,61939,522516,1109968,w6,w3,"2015-06-16 00:00:00","PILOT TRAVEL CENTERS LLC : CHV7460761","1037 PASCAGOULA MS TRM CHEVRON","DIESEL #2",79800,2393998,558600,1,1,119700,2633398,698250,Limited,Available,Limited,150%,110%,125%,"On Target","On Target","On Target","06/17 00:00:00 CDT","07/01 00:00:00 CDT",0,"2015-06-17 00:00:00",289,0,1,0,0
"2015-06-17 00:00:00",97510,97510,97510,97510,1215145,w7,w4,"2015-06-17 00:00:00","PILOT TRAVEL CENTERS LLC : CHV7460761","1037 PASCAGOULA MS TRM CHEVRON","DIESEL #2",79800,2393998,558600,0,0,119700,2633398,698250,Low,Available,Available,150%,110%,125%,"Above Trend","Above Trend","Above Trend","06/18 00:00:00 CDT","07/01 00:00:00 CDT",0,"2015-06-24 00:00:00",316,1,1,0,0
"2015-06-18 00:00:00",97463,97463,89739,194973,1312608,w7,w4,"2015-06-18 00:00:00","PILOT TRAVEL CENTERS LLC : CHV7460761","1037 PASCAGOULA MS TRM CHEVRON","DIESEL #2",79800,2393998,558600,1,1,119700,2633398,698250,Limited,Available,Available,150%,110%,125%,"On Target","Above Trend","Above Trend","06/19 00:00:00 CDT","07/01 00:00:00 CDT",0,"2015-06-24 00:00:00",343,1,1,0,0
"2015-06-19 00:00:00",61577,61577,53908,256550,1374185,w7,w4,"2015-06-19 00:00:00","PILOT TRAVEL CENTERS LLC : CHV7460761","1037 PASCAGOULA MS TRM CHEVRON","DIESEL #2",79800,2393998,558600,1,1,119700,2633398,698250,Available,Limited,Available,150%,110%,125%,"On Target","Above Trend","Above Trend","06/20 00:00:00 CDT","07/01 00:00:00 CDT",0,"2015-06-24 00:00:00",370,1,1,0,0
"2015-06-20 00:00:00",85068,85068,69624,341618,1459253,w7,w4,"2015-06-20 00:00:00","PILOT TRAVEL CENTERS LLC : CHV7460761","1037 PASCAGOULA MS TRM CHEVRON","DIESEL #2",79800,2393998,558600,1,1,119700,2633398,698250,Limited,Limited,Available,150%,110%,125%,"On Target","Above Trend","Above Trend","06/21 00:00:00 CDT","07/01 00:00:00 CDT",0,"2015-06-24 00:00:00",397,1,1,0,0
"2015-06-21 00:00:00",66513,66513,66513,408131,1525766,w7,w4,"2015-06-21 00:00:00","PILOT TRAVEL CENTERS LLC : CHV7460761","1037 PASCAGOULA MS TRM CHEVRON","DIESEL #2",79800,2393998,558600,0,0,119700,2633398,698250,Limited,Limited,Limited,150%,110%,125%,"On Target","Above Trend","Above Trend","06/22 00:00:00 CDT","07/01 00:00:00 CDT",0,"2015-06-24 00:00:00",424,1,1,0,0
"2015-06-22 00:00:00",46114,46114,46114,454245,1571880,w7,w4,"2015-06-22 00:00:00","PILOT TRAVEL CENTERS LLC : CHV7460761","1037 PASCAGOULA MS TRM CHEVRON","DIESEL #2",79800,2393998,558600,0,0,119700,2633398,698250,Available,Limited,Limited,150%,110%,125%,"On Target","Above Trend","On Target","06/23 00:00:00 CDT","07/01 00:00:00 CDT",0,"2015-06-24 00:00:00",451,1,1,0,0
"2015-06-23 00:00:00",87909,87909,80240,542154,1659789,w7,w4,"2015-06-23 00:00:00","PILOT TRAVEL CENTERS LLC : CHV7460761","1037 PASCAGOULA MS TRM CHEVRON","DIESEL #2",79800,2393998,558600,1,1,119700,2633398,698250,Limited,Limited,Limited,150%,110%,125%,"On Target","Above Trend","On Target","06/24 00:00:00 CDT","07/01 00:00:00 CDT",0,"2015-06-24 00:00:00",478,1,1,0,0
"2015-06-24 00:00:00",49335,49335,49335,49335,1709124,w8,w5,"2015-06-24 00:00:00","PILOT TRAVEL CENTERS LLC : CHV7460761","1037 PASCAGOULA MS TRM CHEVRON","DIESEL #2",79800,2393998,558600,0,0,119700,2633398,698250,Available,Limited,Available,150%,110%,125%,"On Target","Above Trend","On Target","06/25 00:00:00 CDT","07/01 00:00:00 CDT",0,"2015-07-01 00:00:00",504,1,1,0,0
"2015-06-25 00:00:00",97398,97398,89737,146733,1806522,w8,w5,"2015-06-25 00:00:00","PILOT TRAVEL CENTERS LLC : CHV7460761","1037 PASCAGOULA MS TRM CHEVRON","DIESEL #2",79800,2393998,558600,1,1,119700,2633398,698250,Limited,Limited,Available,150%,110%,125%,"On Target","Above Trend","On Target","06/26 00:00:00 CDT","07/01 00:00:00 CDT",0,"2015-07-01 00:00:00",530,1,1,0,0
"2015-06-26 00:00:00",62523,62523,59223,209256,1869045,w8,w5,"2015-06-26 00:00:00","PILOT TRAVEL CENTERS LLC : CHV7460761","1037 PASCAGOULA MS TRM CHEVRON","DIESEL #2",79800,2393998,558600,1,1,119700,2633398,698250,Available,Limited,Available,150%,110%,125%,"On Target","Above Trend","On Target","06/27 00:00:00 CDT","07/01 00:00:00 CDT",0,"2015-07-01 00:00:00",556,1,1,0,0
"2015-06-27 00:00:00",62005,62005,62005,271261,1931050,w8,w5,"2015-06-27 00:00:00","PILOT TRAVEL CENTERS LLC : CHV7460761","1037 PASCAGOULA MS TRM CHEVRON","DIESEL #2",79800,2393998,558600,0,0,119700,2633398,698250,Limited,Limited,Available,150%,110%,125%,"On Target","Above Trend","On Target","06/28 00:00:00 CDT","07/01 00:00:00 CDT",0,"2015-07-01 00:00:00",582,1,1,0,0
"2015-06-28 00:00:00",92397,92397,92397,363658,2023447,w8,w5,"2015-06-28 00:00:00","PILOT TRAVEL CENTERS LLC : CHV7460761","1037 PASCAGOULA MS TRM CHEVRON","DIESEL #2",79800,2393998,558600,0,0,119700,2633398,698250,Limited,Limited,Limited,150%,110%,125%,"Above Trend","Above Trend","On Target","06/29 00:00:00 CDT","07/01 00:00:00 CDT",0,"2015-07-01 00:00:00",608,1,1,0,0
"2015-06-29 00:00:00",76817,76817,76817,440475,2100264,w8,w5,"2015-06-29 00:00:00","PILOT TRAVEL CENTERS LLC : CHV7460761","1037 PASCAGOULA MS TRM CHEVRON","DIESEL #2",79800,2393998,558600,0,0,119700,2633398,698250,Limited,Limited,Limited,150%,110%,125%,"On Target","Above Trend","On Target","06/30 00:00:00 CDT","07/01 00:00:00 CDT",0,"2015-07-01 00:00:00",634,1,1,0,0
"2015-06-30 00:00:00",84455,84455,84455,524930,2184719,w8,w5,"2015-06-30 00:00:00","PILOT TRAVEL CENTERS LLC : CHV7460761","1037 PASCAGOULA MS TRM CHEVRON","DIESEL #2",79800,2393998,558600,0,0,119700,2633398,698250,Limited,Low,Limited,150%,110%,125%,"On Target","Above Trend","On Target","07/01 00:00:00 CDT","07/01 00:00:00 CDT",0,"2015-07-01 00:00:00",660,1,1,0,0
"2015-06-01 00:00:00",0,0,0,0,0,w1,w1,"2015-06-01 00:00:00","PILOT TRAVEL CENTERS LLC : CHV7460761","1043 MONTEBELLO CA TRM CHEVRON","DIESEL #2",0,0,0,0,0,0,0,0,0,0,0,0,0,0,0,0,0,0,0,1,"2015-06-03 00:00:00",0,1,1,1,1
"2015-06-02 00:00:00",30304,30304,30304,204104,45503,w1,w1,"2015-06-02 00:00:00","PILOT TRAVEL CENTERS LLC : CHV7460761","1043 MONTEBELLO CA TRM CHEVRON","DIESEL #2",36393,1091797,254753,0,0,54590,1200977,318441,Limited,Available,Limited,150%,110%,125%,"Above Trend","Above Trend","On Target","06/03 00:00:00 PDT","07/01 00:00:00 PDT",0,"2015-06-03 00:00:00",17,0,0,0,0
"2015-06-03 00:00:00",15204,15204,15204,15204,83408,w2,w2,"2015-06-03 00:00:00","PILOT TRAVEL CENTERS LLC : CHV7460761","1043 MONTEBELLO CA TRM CHEVRON","DIESEL #2",36393,1091797,254753,0,0,54590,1200977,318441,Available,Available,Available,150%,110%,125%,"Above Trend","Above Trend","Above Trend","06/04 00:00:00 PDT","07/01 00:00:00 PDT",0,"2015-06-10 00:00:00",44,1,1,0,0
"2015-06-04 00:00:00",7600,7600,0,22804,91008,w2,w2,"2015-06-04 00:00:00","PILOT TRAVEL CENTERS LLC : CHV7460761","1043 MONTEBELLO CA TRM CHEVRON","DIESEL #2",36393,1091797,254753,1,1,54590,1200977,318441,Available,Available,Available,150%,110%,125%,"Below Trend","On Target","On Target","06/05 00:00:00 PDT","07/01 00:00:00 PDT",0,"2015-06-10 00:00:00",71,1,1,0,0
"2015-06-05 00:00:00",45299,45299,0,68103,136307,w2,w2,"2015-06-05 00:00:00","PILOT TRAVEL CENTERS LLC : CHV7460761","1043 MONTEBELLO CA TRM CHEVRON","DIESEL #2",36393,1091797,254753,1,1,54590,1200977,318441,Available,Available,Available,150%,110%,125%,"Below Trend","Above Trend","On Target","06/06 00:00:00 PDT","07/01 00:00:00 PDT",0,"2015-06-10 00:00:00",98,1,1,0,0
"2015-06-06 00:00:00",0,0,0,0,0,w3,w2,"2015-06-06 00:00:00","PILOT TRAVEL CENTERS LLC : CHV7460761","1043 MONTEBELLO CA TRM CHEVRON","DIESEL #2",0,0,0,0,0,0,0,0,0,0,0,0,0,0,0,0,0,0,0,1,"2015-06-10 00:00:00",0,1,0,0,0
"2015-06-07 00:00:00",0,0,0,0,0,w3,w2,"2015-06-07 00:00:00","PILOT TRAVEL CENTERS LLC : CHV7460761","1043 MONTEBELLO CA TRM CHEVRON","DIESEL #2",0,0,0,0,0,0,0,0,0,0,0,0,0,0,0,0,0,0,0,1,"2015-06-10 00:00:00",0,1,0,0,0
"2015-06-08 00:00:00",7500,7500,7500,90806,159010,w3,w2,"2015-06-08 00:00:00","PILOT TRAVEL CENTERS LLC : CHV7460761","1043 MONTEBELLO CA TRM CHEVRON","DIESEL #2",36393,1091797,254753,0,0,54590,1200977,318441,Available,Available,Available,150%,110%,125%,"Below Trend","On Target","On Target","06/08 00:00:00 PDT","07/01 00:00:00 PDT",0,"2015-06-10 00:00:00",125,0,0,0,0
"2015-06-09 00:00:00",0,0,0,0,0,w4,w2,"2015-06-09 00:00:00","PILOT TRAVEL CENTERS LLC : CHV7460761","1043 MONTEBELLO CA TRM CHEVRON","DIESEL #2",0,0,0,0,0,0,0,0,0,0,0,0,0,0,0,0,0,0,0,1,"2015-06-10 00:00:00",0,1,0,0,0
"2015-06-10 00:00:00",45602,45602,45602,151513,219717,w4,w2,"2015-06-10 00:00:00","PILOT TRAVEL CENTERS LLC : CHV7460761","1043 MONTEBELLO CA TRM CHEVRON","DIESEL #2",36393,1091797,254753,0,0,54590,1200977,318441,Low,Available,Available,150%,110%,125%,"Above Trend","On Target","On Target","06/10 00:00:00 PDT","07/01 00:00:00 PDT",0,"2015-06-10 00:00:00",155,0,0,0,0
"2015-06-11 00:00:00",60602,60602,7600,60602,280319,w5,w3,"2015-06-11 00:00:00","PILOT TRAVEL CENTERS LLC : CHV7460761","1043 MONTEBELLO CA TRM CHEVRON","DIESEL #2",36393,1091797,254753,1,1,54590,1200977,318441,Available,Available,Available,150%,110%,125%,"Above Trend","On Target","Above Trend","06/12 00:00:00 PDT","07/01 00:00:00 PDT",0,"2015-06-17 00:00:00",182,1,1,0,0
"2015-06-12 00:00:00",0,60604,0,0,0,w6,w3,"2015-06-12 00:00:00","PILOT TRAVEL CENTERS LLC : CHV7460761","1043 MONTEBELLO CA TRM CHEVRON","DIESEL #2",0,0,0,0,2,0,0,0,0,0,0,0,0,0,0,0,0,0,0,1,"2015-06-17 00:00:00",0,1,0,0,0
"2015-06-13 00:00:00",15201,15201,15201,136407,356124,w6,w3,"2015-06-13 00:00:00","PILOT TRAVEL CENTERS LLC : CHV7460761","1043 MONTEBELLO CA TRM CHEVRON","DIESEL #2",36393,1091797,254753,0,0,54590,1200977,318441,Available,Available,Available,150%,110%,125%,"On Target","On Target","On Target","06/14 00:00:00 PDT","07/01 00:00:00 PDT",0,"2015-06-17 00:00:00",209,0,1,0,0
"2015-06-14 00:00:00",15201,15201,7600,151608,371325,w6,w3,"2015-06-14 00:00:00","PILOT TRAVEL CENTERS LLC : CHV7460761","1043 MONTEBELLO CA TRM CHEVRON","DIESEL #2",36393,1091797,254753,1,1,54590,1200977,318441,Available,Available,Available,150%,110%,125%,"Below Trend","On Target","On Target","06/15 00:00:00 PDT","07/01 00:00:00 PDT",0,"2015-06-17 00:00:00",236,0,1,0,0
"2015-06-15 00:00:00",37998,37998,22799,189606,409323,w6,w3,"2015-06-15 00:00:00","PILOT TRAVEL CENTERS LLC : CHV7460761","1043 MONTEBELLO CA TRM CHEVRON","DIESEL #2",36393,1091797,254753,1,1,54590,1200977,318441,Available,Available,Limited,150%,110%,125%,"On Target","On Target","On Target","06/16 00:00:00 PDT","07/01 00:00:00 PDT",0,"2015-06-17 00:00:00",263,0,1,0,0
"2015-06-16 00:00:00",30398,30398,22799,220004,439721,w6,w3,"2015-06-16 00:00:00","PILOT TRAVEL CENTERS LLC : CHV7460761","1043 MONTEBELLO CA TRM CHEVRON","DIESEL #2",36393,1091797,254753,1,1,54590,1200977,318441,Available,Available,Limited,150%,110%,125%,"On Target","On Target","On Target","06/17 00:00:00 PDT","07/01 00:00:00 PDT",0,"2015-06-17 00:00:00",290,0,1,0,0
"2015-06-17 00:00:00",45407,45407,45407,45407,500330,w7,w4,"2015-06-17 00:00:00","PILOT TRAVEL CENTERS LLC : CHV7460761","1043 MONTEBELLO CA TRM CHEVRON","DIESEL #2",36393,1091797,254753,0,0,54590,1200977,318441,Low,Available,Available,150%,110%,125%,"Above Trend","On Target","Above Trend","06/18 00:00:00 PDT","07/01 00:00:00 PDT",0,"2015-06-24 00:00:00",317,1,1,0,0
"2015-06-18 00:00:00",45505,45505,37905,90912,545835,w7,w4,"2015-06-18 00:00:00","PILOT TRAVEL CENTERS LLC : CHV7460761","1043 MONTEBELLO CA TRM CHEVRON","DIESEL #2",36393,1091797,254753,1,1,54590,1200977,318441,Limited,Available,Available,150%,110%,125%,"On Target","On Target","Above Trend","06/19 00:00:00 PDT","07/01 00:00:00 PDT",0,"2015-06-24 00:00:00",344,1,1,0,0
"2015-06-19 00:00:00",22797,22797,22797,113709,568632,w7,w4,"2015-06-19 00:00:00","PILOT TRAVEL CENTERS LLC : CHV7460761","1043 MONTEBELLO CA TRM CHEVRON","DIESEL #2",36393,1091797,254753,0,0,54590,1200977,318441,Available,Available,Available,150%,110%,125%,"On Target","On Target","Above Trend","06/20 00:00:00 PDT","07/01 00:00:00 PDT",0,"2015-06-24 00:00:00",371,1,1,0,0
"2015-06-20 00:00:00",30203,30203,22602,143912,598835,w7,w4,"2015-06-20 00:00:00","PILOT TRAVEL CENTERS LLC : CHV7460761","1043 MONTEBELLO CA TRM CHEVRON","DIESEL #2",36393,1091797,254753,1,1,54590,1200977,318441,Available,Available,Available,150%,110%,125%,"On Target","On Target","Above Trend","06/21 00:00:00 PDT","07/01 00:00:00 PDT",0,"2015-06-24 00:00:00",398,1,1,0,0
"2015-06-21 00:00:00",15102,15102,7500,159014,613937,w7,w4,"2015-06-21 00:00:00","PILOT TRAVEL CENTERS LLC : CHV7460761","1043 MONTEBELLO CA TRM CHEVRON","DIESEL #2",36393,1091797,254753,1,1,54590,1200977,318441,Available,Limited,Available,150%,110%,125%,"Below Trend","On Target","On Target","06/22 00:00:00 PDT","07/01 00:00:00 PDT",0,"2015-06-24 00:00:00",425,1,1,0,0
"2015-06-22 00:00:00",45499,45499,37899,204513,659436,w7,w4,"2015-06-22 00:00:00","PILOT TRAVEL CENTERS LLC : CHV7460761","1043 MONTEBELLO CA TRM CHEVRON","DIESEL #2",36393,1091797,254753,1,1,54590,1200977,318441,Limited,Limited,Limited,150%,110%,125%,"On Target","On Target","On Target","06/23 00:00:00 PDT","07/01 00:00:00 PDT",0,"2015-06-24 00:00:00",452,1,1,0,0
"2015-06-23 00:00:00",15399,15399,15399,219912,674835,w7,w4,"2015-06-23 00:00:00","PILOT TRAVEL CENTERS LLC : CHV7460761","1043 MONTEBELLO CA TRM CHEVRON","DIESEL #2",36393,1091797,254753,0,0,54590,1200977,318441,Available,Limited,Limited,150%,110%,125%,"On Target","On Target","On Target","06/24 00:00:00 PDT","07/01 00:00:00 PDT",0,"2015-06-24 00:00:00",479,1,1,0,0
"2015-06-24 00:00:00",45400,45400,45400,45400,727836,w8,w5,"2015-06-24 00:00:00","PILOT TRAVEL CENTERS LLC : CHV7460761","1043 MONTEBELLO CA TRM CHEVRON","DIESEL #2",36393,1091797,254753,0,0,54590,1200977,318441,Low,Limited,Available,150%,110%,125%,"Above Trend","On Target","Above Trend","06/25 00:00:00 PDT","07/01 00:00:00 PDT",0,"2015-07-01 00:00:00",505,1,1,0,0
"2015-06-25 00:00:00",37967,37967,37967,83367,765803,w8,w5,"2015-06-25 00:00:00","PILOT TRAVEL CENTERS LLC : CHV7460761","1043 MONTEBELLO CA TRM CHEVRON","DIESEL #2",36393,1091797,254753,0,0,54590,1200977,318441,Limited,Limited,Available,150%,110%,125%,"On Target","On Target","Above Trend","06/26 00:00:00 PDT","07/01 00:00:00 PDT",0,"2015-07-01 00:00:00",531,1,1,0,0
"2015-06-26 00:00:00",45604,45604,45604,128971,811407,w8,w5,"2015-06-26 00:00:00","PILOT TRAVEL CENTERS LLC : CHV7460761","1043 MONTEBELLO CA TRM CHEVRON","DIESEL #2",36393,1091797,254753,0,0,54590,1200977,318441,Low,Limited,Available,150%,110%,125%,"Above Trend","On Target","Above Trend","06/27 00:00:00 PDT","07/01 00:00:00 PDT",0,"2015-07-01 00:00:00",557,1,1,0,0
"2015-06-27 00:00:00",30301,30301,22701,159272,841708,w8,w5,"2015-06-27 00:00:00","PILOT TRAVEL CENTERS LLC : CHV7460761","1043 MONTEBELLO CA TRM CHEVRON","DIESEL #2",36393,1091797,254753,1,1,54590,1200977,318441,Available,Limited,Available,150%,110%,125%,"On Target","On Target","Above Trend","06/28 00:00:00 PDT","07/01 00:00:00 PDT",0,"2015-07-01 00:00:00",583,1,1,0,0
"2015-06-28 00:00:00",45601,45601,30400,204873,887309,w8,w5,"2015-06-28 00:00:00","PILOT TRAVEL CENTERS LLC : CHV7460761","1043 MONTEBELLO CA TRM CHEVRON","DIESEL #2",36393,1091797,254753,1,1,54590,1200977,318441,Limited,Limited,Limited,150%,110%,125%,"On Target","On Target","Above Trend","06/29 00:00:00 PDT","07/01 00:00:00 PDT",0,"2015-07-01 00:00:00",609,1,1,0,0
"2015-06-29 00:00:00",22803,22803,15202,227676,910112,w8,w5,"2015-06-29 00:00:00","PILOT TRAVEL CENTERS LLC : CHV7460761","1043 MONTEBELLO CA TRM CHEVRON","DIESEL #2",36393,1091797,254753,1,1,54590,1200977,318441,Available,Limited,Limited,150%,110%,125%,"On Target","On Target","Above Trend","06/30 00:00:00 PDT","07/01 00:00:00 PDT",0,"2015-07-01 00:00:00",635,1,1,0,0
"2015-06-30 00:00:00",37986,37986,30388,265662,948098,w8,w5,"2015-06-30 00:00:00","PILOT TRAVEL CENTERS LLC : CHV7460761","1043 MONTEBELLO CA TRM CHEVRON","DIESEL #2",36393,1091797,254753,1,1,54590,1200977,318441,Limited,Limited,Low,150%,110%,125%,"On Target","On Target","Above Trend","07/01 00:00:00 PDT","07/01 00:00:00 PDT",0,"2015-07-01 00:00:00",661,1,1,0,0
"2015-06-01 00:00:00",0,0,0,0,0,w1,w1,"2015-06-01 00:00:00","PILOT TRAVEL CENTERS LLC : CHV7460761","1045 SALT LAKE CITY UT TRM CHEVRON","DIESEL #2",0,0,0,0,0,0,0,0,0,0,0,0,0,0,0,0,0,0,0,1,"2015-06-03 00:00:00",0,1,1,1,1
"2015-06-02 00:00:00",0,0,0,284568,0,w1,w1,"2015-06-02 00:00:00","PILOT TRAVEL CENTERS LLC : CHV7460761","1045 SALT LAKE CITY UT TRM CHEVRON","DIESEL #2",67151,2014522,470055,0,0,134302,2215974,587569,Available,Available,Available,200%,110%,125%,"Below Trend","Below Trend","On Target","06/03 00:00:00 MDT","07/01 00:00:00 MDT",0,"2015-06-03 00:00:00",18,0,0,1,1
"2015-06-03 00:00:00",20501,20501,20501,20501,57995,w2,w2,"2015-06-03 00:00:00","PILOT TRAVEL CENTERS LLC : CHV7460761","1045 SALT LAKE CITY UT TRM CHEVRON","DIESEL #2",67151,2014522,470055,0,0,134302,2215974,587569,Available,Available,Available,200%,110%,125%,"On Target","On Target","Above Trend","06/04 00:00:00 MDT","07/01 00:00:00 MDT",0,"2015-06-10 00:00:00",45,1,1,0,0
"2015-06-04 00:00:00",33997,33997,10499,54498,91992,w2,w2,"2015-06-04 00:00:00","PILOT TRAVEL CENTERS LLC : CHV7460761","1045 SALT LAKE CITY UT TRM CHEVRON","DIESEL #2",67151,2014522,470055,1,1,134302,2215974,587569,Available,Available,Available,200%,110%,125%,"On Target","On Target","On Target","06/05 00:00:00 MDT","07/01 00:00:00 MDT",0,"2015-06-10 00:00:00",72,1,1,0,0
"2015-06-05 00:00:00",41003,41003,0,95501,132995,w2,w2,"2015-06-05 00:00:00","PILOT TRAVEL CENTERS LLC : CHV7460761","1045 SALT LAKE CITY UT TRM CHEVRON","DIESEL #2",67151,2014522,470055,1,1,134302,2215974,587569,Available,Available,Available,200%,110%,125%,"Below Trend","On Target","On Target","06/06 00:00:00 MDT","07/01 00:00:00 MDT",0,"2015-06-10 00:00:00",99,1,1,0,0
"2015-06-06 00:00:00",0,0,0,0,0,w3,w2,"2015-06-06 00:00:00","PILOT TRAVEL CENTERS LLC : CHV7460761","1045 SALT LAKE CITY UT TRM CHEVRON","DIESEL #2",0,0,0,0,0,0,0,0,0,0,0,0,0,0,0,0,0,0,0,1,"2015-06-10 00:00:00",0,1,0,0,0
"2015-06-07 00:00:00",0,0,0,0,0,w3,w2,"2015-06-07 00:00:00","PILOT TRAVEL CENTERS LLC : CHV7460761","1045 SALT LAKE CITY UT TRM CHEVRON","DIESEL #2",0,0,0,0,0,0,0,0,0,0,0,0,0,0,0,0,0,0,0,1,"2015-06-10 00:00:00",0,1,0,0,0
"2015-06-08 00:00:00",37000,37000,37000,217908,255402,w3,w2,"2015-06-08 00:00:00","PILOT TRAVEL CENTERS LLC : CHV7460761","1045 SALT LAKE CITY UT TRM CHEVRON","DIESEL #2",67151,2014522,470055,0,0,134302,2215974,587569,Available,Available,Available,200%,110%,125%,"On Target","On Target","On Target","06/08 00:00:00 MDT","07/01 00:00:00 MDT",0,"2015-06-10 00:00:00",126,0,0,0,0
"2015-06-09 00:00:00",0,0,0,0,0,w4,w2,"2015-06-09 00:00:00","PILOT TRAVEL CENTERS LLC : CHV7460761","1045 SALT LAKE CITY UT TRM CHEVRON","DIESEL #2",0,0,0,0,0,0,0,0,0,0,0,0,0,0,0,0,0,0,0,1,"2015-06-10 00:00:00",0,1,0,0,0
"2015-06-10 00:00:00",90496,90496,90496,354926,392420,w4,w2,"2015-06-10 00:00:00","PILOT TRAVEL CENTERS LLC : CHV7460761","1045 SALT LAKE CITY UT TRM CHEVRON","DIESEL #2",67151,2014522,470055,0,0,335755,2215974,1175138,Available,Available,Available,500%,110%,250%,"On Target","On Target","On Target","06/10 00:00:00 MDT","07/01 00:00:00 MDT",0,"2015-06-10 00:00:00",156,0,0,0,0
"2015-06-11 00:00:00",88521,88521,0,88521,480941,w5,w3,"2015-06-11 00:00:00","PILOT TRAVEL CENTERS LLC : CHV7460761","1045 SALT LAKE CITY UT TRM CHEVRON","DIESEL #2",67151,2014522,470055,1,1,134302,2215974,587569,Available,Available,Available,200%,110%,125%,"Below Trend","On Target","Above Trend","06/12 00:00:00 MDT","07/01 00:00:00 MDT",0,"2015-06-17 00:00:00",183,1,1,0,0
"2015-06-12 00:00:00",0,0,0,0,0,w6,w3,"2015-06-12 00:00:00","PILOT TRAVEL CENTERS LLC : CHV7460761","1045 SALT LAKE CITY UT TRM CHEVRON","DIESEL #2",0,0,0,0,0,0,0,0,0,0,0,0,0,0,0,0,0,0,0,1,"2015-06-17 00:00:00",0,1,0,0,0
"2015-06-13 00:00:00",52018,52018,52018,306252,698672,w6,w3,"2015-06-13 00:00:00","PILOT TRAVEL CENTERS LLC : CHV7460761","1045 SALT LAKE CITY UT TRM CHEVRON","DIESEL #2",67151,2014522,470055,0,0,134302,2215974,587569,Available,Available,Limited,200%,110%,125%,"On Target","On Target","Above Trend","06/14 00:00:00 MDT","07/01 00:00:00 MDT",0,"2015-06-17 00:00:00",210,0,0,0,0
"2015-06-14 00:00:00",104412,104412,104412,410664,803084,w6,w3,"2015-06-14 00:00:00","PILOT TRAVEL CENTERS LLC : CHV7460761","1045 SALT LAKE CITY UT TRM CHEVRON","DIESEL #2",67151,2014522,470055,0,0,134302,2215974,587569,Limited,Available,Limited,200%,110%,125%,"Above Trend","On Target","Above Trend","06/15 00:00:00 MDT","07/01 00:00:00 MDT",0,"2015-06-17 00:00:00",237,0,0,0,0
"2015-06-15 00:00:00",109315,109315,109315,519979,912399,w6,w3,"2015-06-15 00:00:00","PILOT TRAVEL CENTERS LLC : CHV7460761","1045 SALT LAKE CITY UT TRM CHEVRON","DIESEL #2",67151,2014522,470055,0,0,134302,2215974,587569,Low,Available,Low,200%,110%,125%,"Above Trend","Above Trend","Above Trend","06/16 00:00:00 MDT","07/01 00:00:00 MDT",0,"2015-06-17 00:00:00",264,0,0,0,0
"2015-06-16 00:00:00",109629,109629,109629,629608,1022028,w6,w3,"2015-06-16 00:00:00","PILOT TRAVEL CENTERS LLC : CHV7460761","1045 SALT LAKE CITY UT TRM CHEVRON","DIESEL #2",67151,2014522,470055,0,0,134302,2215974,587569,Available,Available,Limited,200%,110%,125%,"Above Trend","Above Trend","Above Trend","06/17 00:00:00 MDT","07/01 00:00:00 MDT",0,"2015-06-17 00:00:00",291,0,0,0,0
"2015-06-17 00:00:00",95106,95106,95106,95106,1117134,w7,w4,"2015-06-17 00:00:00","PILOT TRAVEL CENTERS LLC : CHV7460761","1045 SALT LAKE CITY UT TRM CHEVRON","DIESEL #2",67151,2014522,470055,0,0,134302,2215974,587569,Available,Available,Available,200%,110%,125%,"On Target","Above Trend","Above Trend","06/18 00:00:00 MDT","07/01 00:00:00 MDT",0,"2015-06-24 00:00:00",318,1,1,0,0
"2015-06-18 00:00:00",196830,196830,193830,291936,1313964,w7,w4,"2015-06-18 00:00:00","PILOT TRAVEL CENTERS LLC : CHV7460761","1045 SALT LAKE CITY UT TRM CHEVRON","DIESEL #2",67151,2014522,470055,1,1,134302,2215974,587569,Available,Limited,Available,200%,110%,125%,"Above Trend","Above Trend","Above Trend","06/19 00:00:00 MDT","07/01 00:00:00 MDT",0,"2015-06-24 00:00:00",345,1,1,0,0
"2015-06-19 00:00:00",66012,66012,66012,357948,1379976,w7,w4,"2015-06-19 00:00:00","PILOT TRAVEL CENTERS LLC : CHV7460761","1045 SALT LAKE CITY UT TRM CHEVRON","DIESEL #2",67151,2014522,470055,0,0,134302,2215974,587569,Available,Limited,Available,200%,110%,125%,"On Target","Above Trend","Above Trend","06/20 00:00:00 MDT","07/01 00:00:00 MDT",0,"2015-06-24 00:00:00",372,1,1,0,0
"2015-06-20 00:00:00",174217,174217,128321,532165,1554193,w7,w4,"2015-06-20 00:00:00","PILOT TRAVEL CENTERS LLC : CHV7460761","1045 SALT LAKE CITY UT TRM CHEVRON","DIESEL #2",67151,2014522,470055,1,1,134302,2215974,587569,Available,Limited,Limited,200%,110%,125%,"Above Trend","Above Trend","Above Trend","06/21 00:00:00 MDT","07/01 00:00:00 MDT",0,"2015-06-24 00:00:00",399,1,1,0,0
"2015-06-21 00:00:00",101945,101945,89926,634110,1656138,w7,w4,"2015-06-21 00:00:00","PILOT TRAVEL CENTERS LLC : CHV7460761","1045 SALT LAKE CITY UT TRM CHEVRON","DIESEL #2",67151,2014522,470055,1,1,134302,2215974,587569,Available,Limited,Limited,200%,110%,125%,"On Target","Above Trend","Above Trend","06/22 00:00:00 MDT","07/01 00:00:00 MDT",0,"2015-06-24 00:00:00",426,1,1,0,0
"2015-06-22 00:00:00",91423,91423,91423,725533,1747561,w7,w4,"2015-06-22 00:00:00","PILOT TRAVEL CENTERS LLC : CHV7460761","1045 SALT LAKE CITY UT TRM CHEVRON","DIESEL #2",67151,2014522,470055,0,0,134302,2215974,587569,Available,Limited,Low,200%,110%,125%,"On Target","Above Trend","Above Trend","06/23 00:00:00 MDT","07/01 00:00:00 MDT",0,"2015-06-24 00:00:00",453,1,1,0,0
"2015-06-23 00:00:00",144957,144957,144957,870490,1892518,w7,w4,"2015-06-23 00:00:00","PILOT TRAVEL CENTERS LLC : CHV7460761","1045 SALT LAKE CITY UT TRM CHEVRON","DIESEL #2",67151,2014522,470055,0,0,134302,2215974,587569,Low,Low,Out,200%,110%,125%,"Above Trend","Above Trend","Above Trend","06/24 00:00:00 MDT","07/01 00:00:00 MDT",0,"2015-06-24 00:00:00",480,1,1,0,0
"2015-06-24 00:00:00",195043,195043,195043,195043,2111571,w8,w5,"2015-06-24 00:00:00","PILOT TRAVEL CENTERS LLC : CHV7460761","1045 SALT LAKE CITY UT TRM CHEVRON","DIESEL #2",67151,2014522,470055,0,0,134302,2215974,587569,Limited,Limited,Available,200%,110%,125%,"Above Trend","Above Trend","Above Trend","06/25 00:00:00 MDT","07/01 00:00:00 MDT",0,"2015-07-01 00:00:00",506,1,1,0,0
"2015-06-25 00:00:00",283225,283225,271024,478268,2394796,w8,w5,"2015-06-25 00:00:00","PILOT TRAVEL CENTERS LLC : CHV7460761","1045 SALT LAKE CITY UT TRM CHEVRON","DIESEL #2",67151,2014522,470055,1,1,134302,2215974,587569,Low,Low,Limited,200%,110%,125%,"Above Trend","Above Trend","Above Trend","06/26 00:00:00 MDT","07/01 00:00:00 MDT",0,"2015-07-01 00:00:00",532,1,1,0,0
"2015-06-26 00:00:00",137511,137511,137511,615779,2532307,w8,w5,"2015-06-26 00:00:00","PILOT TRAVEL CENTERS LLC : CHV7460761","1045 SALT LAKE CITY UT TRM CHEVRON","DIESEL #2",67151,2014522,470055,0,0,134302,2215974,587569,Low,Out,Low,200%,110%,125%,"Above Trend","Above Trend","Above Trend","06/27 00:00:00 MDT","07/01 00:00:00 MDT",0,"2015-07-01 00:00:00",558,1,1,0,0
"2015-06-27 00:00:00",176148,176148,176148,791927,2708455,w8,w5,"2015-06-27 00:00:00","PILOT TRAVEL CENTERS LLC : CHV7460761","1045 SALT LAKE CITY UT TRM CHEVRON","DIESEL #2",67151,2014522,470055,0,0,134302,2215974,587569,Out,Out,Out,200%,110%,125%,"Above Trend","Above Trend","Above Trend","06/28 00:00:00 MDT","07/01 00:00:00 MDT",0,"2015-07-01 00:00:00",584,1,1,0,0
"2015-06-28 00:00:00",55707,55707,55707,847634,2764162,w8,w5,"2015-06-28 00:00:00","PILOT TRAVEL CENTERS LLC : CHV7460761","1045 SALT LAKE CITY UT TRM CHEVRON","DIESEL #2",67151,2014522,470055,0,0,134302,2215974,587569,Low,Out,Out,200%,110%,125%,"On Target","Above Trend","Above Trend","06/29 00:00:00 MDT","07/01 00:00:00 MDT",0,"2015-07-01 00:00:00",610,1,1,0,0
"2015-06-29 00:00:00",87947,87947,87947,935581,2852109,w8,w5,"2015-06-29 00:00:00","PILOT TRAVEL CENTERS LLC : CHV7460761","1045 SALT LAKE CITY UT TRM CHEVRON","DIESEL #2",67151,2014522,470055,0,0,134302,2215974,587569,Low,Out,Out,200%,110%,125%,"On Target","Above Trend","Above Trend","06/30 00:00:00 MDT","07/01 00:00:00 MDT",0,"2015-07-01 00:00:00",636,1,1,0,0
"2015-06-30 00:00:00",110096,110096,103095,1045677,2962205,w8,w5,"2015-06-30 00:00:00","PILOT TRAVEL CENTERS LLC : CHV7460761","1045 SALT LAKE CITY UT TRM CHEVRON","DIESEL #2",67151,2014522,470055,1,1,134302,2215974,587569,Low,Out,Out,200%,110%,125%,"Above Trend","Above Trend","Above Trend","07/01 00:00:00 MDT","07/01 00:00:00 MDT",0,"2015-07-01 00:00:00",662,1,1,0,0
"2015-06-01 00:00:00",0,0,0,0,0,w1,w1,"2015-06-01 00:00:00","PILOT TRAVEL CENTERS LLC : CHV7460761","1046 SAN DIEGO CA TRM CHEVRON","DIESEL #2",0,0,0,0,0,0,0,0,0,0,0,0,0,0,0,0,0,0,0,1,"2015-06-03 00:00:00",0,1,1,1,1
"2015-06-02 00:00:00",0,0,0,108911,24031,w1,w1,"2015-06-02 00:00:00","PILOT TRAVEL CENTERS LLC : CHV7460761","1046 SAN DIEGO CA TRM CHEVRON","DIESEL #2",18095,542837,126662,0,0,36190,597121,126662,Available,Available,Low,200%,110%,100%,"Below Trend","Above Trend","Above Trend","06/03 00:00:00 PDT","07/01 00:00:00 PDT",0,"2015-06-03 00:00:00",19,0,0,0,0
"2015-06-03 00:00:00",0,0,0,0,46865,w2,w2,"2015-06-03 00:00:00","PILOT TRAVEL CENTERS LLC : CHV7460761","1046 SAN DIEGO CA TRM CHEVRON","DIESEL #2",18095,542837,126662,0,0,36190,597121,126662,Available,Available,Available,200%,110%,100%,"Below Trend","Above Trend","Below Trend","06/04 00:00:00 PDT","07/01 00:00:00 PDT",0,"2015-06-10 00:00:00",46,1,1,0,0
"2015-06-04 00:00:00",0,0,0,22834,69699,w2,w2,"2015-06-04 00:00:00","PILOT TRAVEL CENTERS LLC : CHV7460761","1046 SAN DIEGO CA TRM CHEVRON","DIESEL #2",18095,542837,126662,0,0,36190,597121,126662,Available,Available,Available,200%,110%,100%,"Below Trend","Above Trend","Above Trend","06/05 00:00:00 PDT","07/01 00:00:00 PDT",0,"2015-06-10 00:00:00",73,0,0,0,0
"2015-06-05 00:00:00",22832,22832,0,45666,92531,w2,w2,"2015-06-05 00:00:00","PILOT TRAVEL CENTERS LLC : CHV7460761","1046 SAN DIEGO CA TRM CHEVRON","DIESEL #2",18095,542837,126662,1,1,36190,597121,126662,Available,Available,Available,200%,110%,100%,"Below Trend","Above Trend","Above Trend","06/06 00:00:00 PDT","07/01 00:00:00 PDT",0,"2015-06-10 00:00:00",100,0,0,0,0
"2015-06-06 00:00:00",0,0,0,0,0,w3,w2,"2015-06-06 00:00:00","PILOT TRAVEL CENTERS LLC : CHV7460761","1046 SAN DIEGO CA TRM CHEVRON","DIESEL #2",0,0,0,0,0,0,0,0,0,0,0,0,0,0,0,0,0,0,0,1,"2015-06-10 00:00:00",0,1,0,0,0
"2015-06-07 00:00:00",0,0,0,0,0,w3,w2,"2015-06-07 00:00:00","PILOT TRAVEL CENTERS LLC : CHV7460761","1046 SAN DIEGO CA TRM CHEVRON","DIESEL #2",0,0,0,0,0,0,0,0,0,0,0,0,0,0,0,0,0,0,0,1,"2015-06-10 00:00:00",0,1,0,0,0
"2015-06-08 00:00:00",7603,7603,7603,60880,107745,w3,w2,"2015-06-08 00:00:00","PILOT TRAVEL CENTERS LLC : CHV7460761","1046 SAN DIEGO CA TRM CHEVRON","DIESEL #2",18095,542837,126662,0,0,36190,597121,126662,Available,Available,Available,200%,110%,100%,"On Target","On Target","On Target","06/08 00:00:00 PDT","07/01 00:00:00 PDT",0,"2015-06-10 00:00:00",127,0,0,0,0
"2015-06-09 00:00:00",0,0,0,0,0,w4,w2,"2015-06-09 00:00:00","PILOT TRAVEL CENTERS LLC : CHV7460761","1046 SAN DIEGO CA TRM CHEVRON","DIESEL #2",0,0,0,0,0,0,0,0,0,0,0,0,0,0,0,0,0,0,0,1,"2015-06-10 00:00:00",0,1,0,0,0
"2015-06-10 00:00:00",22834,22834,22834,98933,145798,w4,w2,"2015-06-10 00:00:00","PILOT TRAVEL CENTERS LLC : CHV7460761","1046 SAN DIEGO CA TRM CHEVRON","DIESEL #2",18095,542837,126662,0,0,36190,597121,126662,Limited,Available,Limited,200%,110%,100%,"On Target","Above Trend","On Target","06/10 00:00:00 PDT","07/01 00:00:00 PDT",0,"2015-06-10 00:00:00",157,0,0,0,0
"2015-06-11 00:00:00",22838,22838,0,22838,168636,w5,w3,"2015-06-11 00:00:00","PILOT TRAVEL CENTERS LLC : CHV7460761","1046 SAN DIEGO CA TRM CHEVRON","DIESEL #2",18095,542837,126662,1,1,36190,597121,126662,Available,Available,Available,200%,110%,100%,"Below Trend","Above Trend","Above Trend","06/12 00:00:00 PDT","07/01 00:00:00 PDT",0,"2015-06-17 00:00:00",184,1,1,0,0
"2015-06-12 00:00:00",0,0,0,0,0,w6,w3,"2015-06-12 00:00:00","PILOT TRAVEL CENTERS LLC : CHV7460761","1046 SAN DIEGO CA TRM CHEVRON","DIESEL #2",0,0,0,0,0,0,0,0,0,0,0,0,0,0,0,0,0,0,0,1,"2015-06-17 00:00:00",0,1,0,0,0
"2015-06-13 00:00:00",7607,7607,7607,83684,229482,w6,w3,"2015-06-13 00:00:00","PILOT TRAVEL CENTERS LLC : CHV7460761","1046 SAN DIEGO CA TRM CHEVRON","DIESEL #2",18095,542837,126662,0,0,36190,597121,126662,Available,Available,Limited,200%,110%,100%,"On Target","Above Trend","Above Trend","06/14 00:00:00 PDT","07/01 00:00:00 PDT",0,"2015-06-17 00:00:00",211,0,0,0,0
"2015-06-14 00:00:00",7702,7702,7702,91386,237184,w6,w3,"2015-06-14 00:00:00","PILOT TRAVEL CENTERS LLC : CHV7460761","1046 SAN DIEGO CA TRM CHEVRON","DIESEL #2",18095,542837,126662,0,0,36190,597121,126662,Available,Available,Limited,200%,110%,100%,"On Target","Above Trend","Above Trend","06/15 00:00:00 PDT","07/01 00:00:00 PDT",0,"2015-06-17 00:00:00",238,0,0,0,0
"2015-06-15 00:00:00",22832,22832,22832,114218,260016,w6,w3,"2015-06-15 00:00:00","PILOT TRAVEL CENTERS LLC : CHV7460761","1046 SAN DIEGO CA TRM CHEVRON","DIESEL #2",18095,542837,126662,0,0,36190,597121,126662,Limited,Available,Low,200%,110%,100%,"On Target","Above Trend","Above Trend","06/16 00:00:00 PDT","07/01 00:00:00 PDT",0,"2015-06-17 00:00:00",265,0,0,0,0
"2015-06-16 00:00:00",15621,15621,15621,129839,275637,w6,w3,"2015-06-16 00:00:00","PILOT TRAVEL CENTERS LLC : CHV7460761","1046 SAN DIEGO CA TRM CHEVRON","DIESEL #2",18095,542837,126662,0,0,36190,597121,126662,Available,Available,Out,200%,110%,100%,"On Target","Above Trend","Above Trend","06/17 00:00:00 PDT","07/01 00:00:00 PDT",0,"2015-06-17 00:00:00",292,0,0,0,0
"2015-06-17 00:00:00",31244,31244,31244,31244,306881,w7,w4,"2015-06-17 00:00:00","PILOT TRAVEL CENTERS LLC : CHV7460761","1046 SAN DIEGO CA TRM CHEVRON","DIESEL #2",18095,542837,126662,0,0,36190,597121,126662,Low,Limited,Available,200%,110%,100%,"Above Trend","Above Trend","Above Trend","06/18 00:00:00 PDT","07/01 00:00:00 PDT",0,"2015-06-24 00:00:00",319,1,1,0,0
"2015-06-18 00:00:00",23432,23432,23432,54676,330313,w7,w4,"2015-06-18 00:00:00","PILOT TRAVEL CENTERS LLC : CHV7460761","1046 SAN DIEGO CA TRM CHEVRON","DIESEL #2",18095,542837,126662,0,0,36190,597121,126662,Limited,Limited,Available,200%,110%,100%,"On Target","Above Trend","Above Trend","06/19 00:00:00 PDT","07/01 00:00:00 PDT",0,"2015-06-24 00:00:00",346,1,1,0,0
"2015-06-19 00:00:00",23429,23429,23429,78105,353742,w7,w4,"2015-06-19 00:00:00","PILOT TRAVEL CENTERS LLC : CHV7460761","1046 SAN DIEGO CA TRM CHEVRON","DIESEL #2",18095,542837,126662,0,0,36190,597121,126662,Limited,Limited,Limited,200%,110%,100%,"Above Trend","Above Trend","Above Trend","06/20 00:00:00 PDT","07/01 00:00:00 PDT",0,"2015-06-24 00:00:00",373,1,1,0,0
"2015-06-20 00:00:00",7603,7603,7603,85708,361345,w7,w4,"2015-06-20 00:00:00","PILOT TRAVEL CENTERS LLC : CHV7460761","1046 SAN DIEGO CA TRM CHEVRON","DIESEL #2",18095,542837,126662,0,0,36190,597121,126662,Available,Limited,Limited,200%,110%,100%,"On Target","Above Trend","Above Trend","06/21 00:00:00 PDT","07/01 00:00:00 PDT",0,"2015-06-24 00:00:00",400,1,1,0,0
"2015-06-21 00:00:00",7601,7601,7601,93309,368946,w7,w4,"2015-06-21 00:00:00","PILOT TRAVEL CENTERS LLC : CHV7460761","1046 SAN DIEGO CA TRM CHEVRON","DIESEL #2",18095,542837,126662,0,0,36190,597121,126662,Available,Limited,Limited,200%,110%,100%,"On Target","Above Trend","Above Trend","06/22 00:00:00 PDT","07/01 00:00:00 PDT",0,"2015-06-24 00:00:00",427,1,1,0,0
"2015-06-22 00:00:00",23432,23432,23432,116741,392378,w7,w4,"2015-06-22 00:00:00","PILOT TRAVEL CENTERS LLC : CHV7460761","1046 SAN DIEGO CA TRM CHEVRON","DIESEL #2",18095,542837,126662,0,0,36190,597121,126662,Limited,Limited,Low,200%,110%,100%,"On Target","Above Trend","Above Trend","06/23 00:00:00 PDT","07/01 00:00:00 PDT",0,"2015-06-24 00:00:00",454,1,1,0,0
"2015-06-23 00:00:00",15621,15621,15621,132362,407999,w7,w4,"2015-06-23 00:00:00","PILOT TRAVEL CENTERS LLC : CHV7460761","1046 SAN DIEGO CA TRM CHEVRON","DIESEL #2",18095,542837,126662,0,0,36190,597121,126662,Available,Limited,Out,200%,110%,100%,"On Target","Above Trend","Above Trend","06/24 00:00:00 PDT","07/01 00:00:00 PDT",0,"2015-06-24 00:00:00",481,1,1,0,0
"2015-06-24 00:00:00",23436,23436,23436,23436,431435,w8,w5,"2015-06-24 00:00:00","PILOT TRAVEL CENTERS LLC : CHV7460761","1046 SAN DIEGO CA TRM CHEVRON","DIESEL #2",18095,542837,126662,0,0,36190,597121,126662,Limited,Limited,Available,200%,110%,100%,"On Target","Above Trend","Above Trend","06/25 00:00:00 PDT","07/01 00:00:00 PDT",0,"2015-07-01 00:00:00",507,1,1,0,0
"2015-06-25 00:00:00",23436,23436,23436,46872,454871,w8,w5,"2015-06-25 00:00:00","PILOT TRAVEL CENTERS LLC : CHV7460761","1046 SAN DIEGO CA TRM CHEVRON","DIESEL #2",18095,542837,126662,0,0,36190,597121,126662,Limited,Limited,Available,200%,110%,100%,"On Target","Above Trend","Above Trend","06/26 00:00:00 PDT","07/01 00:00:00 PDT",0,"2015-07-01 00:00:00",533,1,1,0,0
"2015-06-26 00:00:00",31034,31034,31034,77906,485905,w8,w5,"2015-06-26 00:00:00","PILOT TRAVEL CENTERS LLC : CHV7460761","1046 SAN DIEGO CA TRM CHEVRON","DIESEL #2",18095,542837,126662,0,0,36190,597121,126662,Low,Low,Limited,200%,110%,100%,"Above Trend","Above Trend","Above Trend","06/27 00:00:00 PDT","07/01 00:00:00 PDT",0,"2015-07-01 00:00:00",559,1,1,0,0
"2015-06-27 00:00:00",15202,15202,15202,93108,501107,w8,w5,"2015-06-27 00:00:00","PILOT TRAVEL CENTERS LLC : CHV7460761","1046 SAN DIEGO CA TRM CHEVRON","DIESEL #2",18095,542837,126662,0,0,36190,597121,126662,Available,Low,Limited,200%,110%,100%,"On Target","Above Trend","Above Trend","06/28 00:00:00 PDT","07/01 00:00:00 PDT",0,"2015-07-01 00:00:00",585,1,1,0,0
"2015-06-28 00:00:00",0,0,0,93108,501107,w8,w5,"2015-06-28 00:00:00","PILOT TRAVEL CENTERS LLC : CHV7460761","1046 SAN DIEGO CA TRM CHEVRON","DIESEL #2",18095,542837,126662,0,0,36190,597121,126662,Available,Low,Limited,200%,110%,100%,"Below Trend","Above Trend","Above Trend","06/29 00:00:00 PDT","07/01 00:00:00 PDT",0,"2015-07-01 00:00:00",611,1,1,0,0
"2015-06-29 00:00:00",23433,23433,23433,116541,524540,w8,w5,"2015-06-29 00:00:00","PILOT TRAVEL CENTERS LLC : CHV7460761","1046 SAN DIEGO CA TRM CHEVRON","DIESEL #2",18095,542837,126662,0,0,36190,597121,126662,Limited,Low,Low,200%,110%,100%,"On Target","Above Trend","Above Trend","06/30 00:00:00 PDT","07/01 00:00:00 PDT",0,"2015-07-01 00:00:00",637,1,1,0,0
"2015-06-30 00:00:00",15624,15624,15624,132165,540164,w8,w5,"2015-06-30 00:00:00","PILOT TRAVEL CENTERS LLC : CHV7460761","1046 SAN DIEGO CA TRM CHEVRON","DIESEL #2",18095,542837,126662,0,0,36190,597121,126662,Available,Low,Out,200%,110%,100%,"On Target","Above Trend","Above Trend","07/01 00:00:00 PDT","07/01 00:00:00 PDT",0,"2015-07-01 00:00:00",663,1,1,0,0
"2015-06-01 00:00:00",0,0,0,0,0,w1,w1,"2015-06-01 00:00:00","PILOT TRAVEL CENTERS LLC : CHV7460761","1066 BOISE ID TRM TESORO","DIESEL #2",0,0,0,0,0,0,0,0,0,0,0,0,0,0,0,0,0,0,0,1,"2015-06-03 00:00:00",0,1,1,1,1
"2015-06-02 00:00:00",0,0,0,109455,19809,w1,w1,"2015-06-02 00:00:00","PILOT TRAVEL CENTERS LLC : CHV7460761","1066 BOISE ID TRM TESORO","DIESEL #2",20149,604456,141040,0,0,40298,664902,176300,Available,Available,Limited,200%,110%,125%,"Below Trend","On Target","On Target","06/03 00:00:00 MDT","07/01 00:00:00 MDT",0,"2015-06-03 00:00:00",20,0,0,0,0
"2015-06-03 00:00:00",0,0,0,0,39820,w2,w2,"2015-06-03 00:00:00","PILOT TRAVEL CENTERS LLC : CHV7460761","1066 BOISE ID TRM TESORO","DIESEL #2",20149,604456,141040,0,0,40298,664902,176300,Available,Available,Available,200%,110%,125%,"Below Trend","Above Trend","Below Trend","06/04 00:00:00 MDT","07/01 00:00:00 MDT",0,"2015-06-10 00:00:00",47,1,1,0,0
"2015-06-04 00:00:00",0,0,0,19706,59526,w2,w2,"2015-06-04 00:00:00","PILOT TRAVEL CENTERS LLC : CHV7460761","1066 BOISE ID TRM TESORO","DIESEL #2",20149,604456,141040,0,0,40298,664902,176300,Available,Available,Available,200%,110%,125%,"Below Trend","Above Trend","On Target","06/05 00:00:00 MDT","07/01 00:00:00 MDT",0,"2015-06-10 00:00:00",74,0,0,0,0
"2015-06-05 00:00:00",19925,19925,0,39631,79451,w2,w2,"2015-06-05 00:00:00","PILOT TRAVEL CENTERS LLC : CHV7460761","1066 BOISE ID TRM TESORO","DIESEL #2",20149,604456,141040,1,1,40298,664902,176300,Available,Available,Available,200%,110%,125%,"Below Trend","Above Trend","On Target","06/06 00:00:00 MDT","07/01 00:00:00 MDT",0,"2015-06-10 00:00:00",101,0,0,0,0
"2015-06-06 00:00:00",0,0,0,0,0,w3,w2,"2015-06-06 00:00:00","PILOT TRAVEL CENTERS LLC : CHV7460761","1066 BOISE ID TRM TESORO","DIESEL #2",0,0,0,0,0,0,0,0,0,0,0,0,0,0,0,0,0,0,0,1,"2015-06-10 00:00:00",0,1,0,0,0
"2015-06-07 00:00:00",0,0,0,0,0,w3,w2,"2015-06-07 00:00:00","PILOT TRAVEL CENTERS LLC : CHV7460761","1066 BOISE ID TRM TESORO","DIESEL #2",0,0,0,0,0,0,0,0,0,0,0,0,0,0,0,0,0,0,0,1,"2015-06-10 00:00:00",0,1,0,0,0
"2015-06-08 00:00:00",0,0,0,98820,138640,w3,w2,"2015-06-08 00:00:00","PILOT TRAVEL CENTERS LLC : CHV7460761","1066 BOISE ID TRM TESORO","DIESEL #2",20149,604456,141040,0,0,40298,664902,176300,Available,Available,Limited,200%,110%,125%,"Below Trend","Above Trend","On Target","06/08 00:00:00 MDT","07/01 00:00:00 MDT",0,"2015-06-10 00:00:00",128,0,0,0,0
"2015-06-09 00:00:00",0,0,0,0,0,w4,w2,"2015-06-09 00:00:00","PILOT TRAVEL CENTERS LLC : CHV7460761","1066 BOISE ID TRM TESORO","DIESEL #2",0,0,0,0,0,0,0,0,0,0,0,0,0,0,0,0,0,0,0,1,"2015-06-10 00:00:00",0,1,0,0,0
"2015-06-10 00:00:00",29283,29283,29283,148012,187832,w4,w2,"2015-06-10 00:00:00","PILOT TRAVEL CENTERS LLC : CHV7460761","1066 BOISE ID TRM TESORO","DIESEL #2",20149,604456,141040,0,0,40298,664902,176300,Limited,Available,Low,200%,110%,125%,"On Target","Above Trend","Above Trend","06/10 00:00:00 MDT","07/01 00:00:00 MDT",0,"2015-06-10 00:00:00",158,0,0,0,0
"2015-06-11 00:00:00",19809,19809,0,19809,207641,w5,w3,"2015-06-11 00:00:00","PILOT TRAVEL CENTERS LLC : CHV7460761","1066 BOISE ID TRM TESORO","DIESEL #2",20149,604456,141040,1,1,40298,664902,176300,Available,Available,Available,200%,110%,125%,"Below Trend","Above Trend","On Target","06/12 00:00:00 MDT","07/01 00:00:00 MDT",0,"2015-06-17 00:00:00",185,1,1,0,0
"2015-06-12 00:00:00",0,0,0,0,0,w6,w3,"2015-06-12 00:00:00","PILOT TRAVEL CENTERS LLC : CHV7460761","1066 BOISE ID TRM TESORO","DIESEL #2",0,0,0,0,0,0,0,0,0,0,0,0,0,0,0,0,0,0,0,1,"2015-06-17 00:00:00",0,1,0,0,0
"2015-06-13 00:00:00",9901,9901,9901,79337,267169,w6,w3,"2015-06-13 00:00:00","PILOT TRAVEL CENTERS LLC : CHV7460761","1066 BOISE ID TRM TESORO","DIESEL #2",20149,604456,141040,0,0,40298,664902,176300,Available,Available,Available,200%,110%,125%,"On Target","Above Trend","Above Trend","06/14 00:00:00 MDT","07/01 00:00:00 MDT",0,"2015-06-17 00:00:00",212,0,0,0,0
"2015-06-14 00:00:00",7606,7606,7606,86943,274775,w6,w3,"2015-06-14 00:00:00","PILOT TRAVEL CENTERS LLC : CHV7460761","1066 BOISE ID TRM TESORO","DIESEL #2",20149,604456,141040,0,0,40298,664902,176300,Available,Available,Available,200%,110%,125%,"On Target","Above Trend","On Target","06/15 00:00:00 MDT","07/01 00:00:00 MDT",0,"2015-06-17 00:00:00",239,0,0,0,0
"2015-06-15 00:00:00",17604,17604,17604,104547,292379,w6,w3,"2015-06-15 00:00:00","PILOT TRAVEL CENTERS LLC : CHV7460761","1066 BOISE ID TRM TESORO","DIESEL #2",20149,604456,141040,0,0,40298,664902,176300,Available,Available,Limited,200%,110%,125%,"On Target","Above Trend","On Target","06/16 00:00:00 MDT","07/01 00:00:00 MDT",0,"2015-06-17 00:00:00",266,0,0,0,0
"2015-06-16 00:00:00",19801,19801,19801,124348,312180,w6,w3,"2015-06-16 00:00:00","PILOT TRAVEL CENTERS LLC : CHV7460761","1066 BOISE ID TRM TESORO","DIESEL #2",20149,604456,141040,0,0,40298,664902,176300,Available,Available,Limited,200%,110%,125%,"On Target","Above Trend","On Target","06/17 00:00:00 MDT","07/01 00:00:00 MDT",0,"2015-06-17 00:00:00",293,0,0,0,0
"2015-06-17 00:00:00",10005,10005,10005,10005,322185,w7,w4,"2015-06-17 00:00:00","PILOT TRAVEL CENTERS LLC : CHV7460761","1066 BOISE ID TRM TESORO","DIESEL #2",20149,604456,141040,0,0,40298,664902,176300,Available,Available,Available,200%,110%,125%,"On Target","Above Trend","On Target","06/18 00:00:00 MDT","07/01 00:00:00 MDT",0,"2015-06-24 00:00:00",320,1,1,0,0
"2015-06-18 00:00:00",7707,7707,7707,17712,329892,w7,w4,"2015-06-18 00:00:00","PILOT TRAVEL CENTERS LLC : CHV7460761","1066 BOISE ID TRM TESORO","DIESEL #2",20149,604456,141040,0,0,40298,664902,176300,Available,Available,Available,200%,110%,125%,"On Target","Above Trend","On Target","06/19 00:00:00 MDT","07/01 00:00:00 MDT",0,"2015-06-24 00:00:00",347,1,1,0,0
"2015-06-19 00:00:00",19909,19909,19909,37621,349801,w7,w4,"2015-06-19 00:00:00","PILOT TRAVEL CENTERS LLC : CHV7460761","1066 BOISE ID TRM TESORO","DIESEL #2",20149,604456,141040,0,0,40298,664902,176300,Available,Limited,Available,200%,110%,125%,"On Target","Above Trend","On Target","06/20 00:00:00 MDT","07/01 00:00:00 MDT",0,"2015-06-24 00:00:00",374,1,1,0,0
"2015-06-20 00:00:00",0,0,0,37621,349801,w7,w4,"2015-06-20 00:00:00","PILOT TRAVEL CENTERS LLC : CHV7460761","1066 BOISE ID TRM TESORO","DIESEL #2",20149,604456,141040,0,0,40298,664902,176300,Available,Limited,Available,200%,110%,125%,"Below Trend","On Target","On Target","06/21 00:00:00 MDT","07/01 00:00:00 MDT",0,"2015-06-24 00:00:00",401,1,1,0,0
"2015-06-21 00:00:00",9910,9910,9910,47531,359711,w7,w4,"2015-06-21 00:00:00","PILOT TRAVEL CENTERS LLC : CHV7460761","1066 BOISE ID TRM TESORO","DIESEL #2",20149,604456,141040,0,0,40298,664902,176300,Available,Limited,Available,200%,110%,125%,"On Target","On Target","On Target","06/22 00:00:00 MDT","07/01 00:00:00 MDT",0,"2015-06-24 00:00:00",428,1,1,0,0
"2015-06-22 00:00:00",19904,19904,10008,67435,379615,w7,w4,"2015-06-22 00:00:00","PILOT TRAVEL CENTERS LLC : CHV7460761","1066 BOISE ID TRM TESORO","DIESEL #2",20149,604456,141040,1,1,40298,664902,176300,Available,Limited,Available,200%,110%,125%,"On Target","On Target","On Target","06/23 00:00:00 MDT","07/01 00:00:00 MDT",0,"2015-06-24 00:00:00",455,1,1,0,0
"2015-06-23 00:00:00",0,0,0,67435,379615,w7,w4,"2015-06-23 00:00:00","PILOT TRAVEL CENTERS LLC : CHV7460761","1066 BOISE ID TRM TESORO","DIESEL #2",20149,604456,141040,0,0,40298,664902,176300,Available,Limited,Available,200%,110%,125%,"Below Trend","On Target","On Target","06/24 00:00:00 MDT","07/01 00:00:00 MDT",0,"2015-06-24 00:00:00",482,1,1,0,0
"2015-06-24 00:00:00",19921,19921,19921,19921,399536,w8,w5,"2015-06-24 00:00:00","PILOT TRAVEL CENTERS LLC : CHV7460761","1066 BOISE ID TRM TESORO","DIESEL #2",20149,604456,141040,0,0,40298,664902,176300,Available,Limited,Available,200%,110%,125%,"On Target","On Target","Above Trend","06/25 00:00:00 MDT","07/01 00:00:00 MDT",0,"2015-07-01 00:00:00",508,1,1,0,0
"2015-06-25 00:00:00",19904,19904,9901,39825,419440,w8,w5,"2015-06-25 00:00:00","PILOT TRAVEL CENTERS LLC : CHV7460761","1066 BOISE ID TRM TESORO","DIESEL #2",20149,604456,141040,1,1,40298,664902,176300,Available,Limited,Available,200%,110%,125%,"On Target","On Target","Above Trend","06/26 00:00:00 MDT","07/01 00:00:00 MDT",0,"2015-07-01 00:00:00",534,1,1,0,0
"2015-06-26 00:00:00",29899,29899,19899,69724,449339,w8,w5,"2015-06-26 00:00:00","PILOT TRAVEL CENTERS LLC : CHV7460761","1066 BOISE ID TRM TESORO","DIESEL #2",20149,604456,141040,1,1,40298,664902,176300,Available,Limited,Available,200%,110%,125%,"On Target","On Target","Above Trend","06/27 00:00:00 MDT","07/01 00:00:00 MDT",0,"2015-07-01 00:00:00",560,1,1,0,0
"2015-06-27 00:00:00",38957,38957,19480,108681,488296,w8,w5,"2015-06-27 00:00:00","PILOT TRAVEL CENTERS LLC : CHV7460761","1066 BOISE ID TRM TESORO","DIESEL #2",20149,604456,141040,1,1,40298,664902,176300,Available,Limited,Limited,200%,110%,125%,"On Target","Above Trend","Above Trend","06/28 00:00:00 MDT","07/01 00:00:00 MDT",0,"2015-07-01 00:00:00",586,1,1,0,0
"2015-06-28 00:00:00",10010,10010,10010,118691,498306,w8,w5,"2015-06-28 00:00:00","PILOT TRAVEL CENTERS LLC : CHV7460761","1066 BOISE ID TRM TESORO","DIESEL #2",20149,604456,141040,0,0,40298,664902,176300,Available,Limited,Limited,200%,110%,125%,"On Target","Above Trend","Above Trend","06/29 00:00:00 MDT","07/01 00:00:00 MDT",0,"2015-07-01 00:00:00",612,1,1,0,0
"2015-06-29 00:00:00",19863,19863,19863,138554,518169,w8,w5,"2015-06-29 00:00:00","PILOT TRAVEL CENTERS LLC : CHV7460761","1066 BOISE ID TRM TESORO","DIESEL #2",20149,604456,141040,0,0,40298,664902,176300,Available,Limited,Limited,200%,110%,125%,"On Target","Above Trend","Above Trend","06/30 00:00:00 MDT","07/01 00:00:00 MDT",0,"2015-07-01 00:00:00",638,1,1,0,0
"2015-06-30 00:00:00",39496,39496,39496,178050,557665,w8,w5,"2015-06-30 00:00:00","PILOT TRAVEL CENTERS LLC : CHV7460761","1066 BOISE ID TRM TESORO","DIESEL #2",20149,604456,141040,0,0,40298,664902,176300,Low,Low,Out,200%,110%,125%,"Above Trend","Above Trend","Above Trend","07/01 00:00:00 MDT","07/01 00:00:00 MDT",0,"2015-07-01 00:00:00",664,1,1,0,0
"2015-06-01 00:00:00",0,0,0,0,0,w1,w1,"2015-06-01 00:00:00","PILOT TRAVEL CENTERS LLC : CHV7460761","2778 STOCKTON CA TRM NUSTAR","DIESEL #2",0,0,0,0,0,0,0,0,0,0,0,0,0,0,0,0,0,0,0,1,"2015-06-03 00:00:00",0,1,1,1,1
"2015-06-02 00:00:00",7700,7700,7700,7700,7700,w1,w1,"2015-06-02 00:00:00","PILOT TRAVEL CENTERS LLC : CHV7460761","2778 STOCKTON CA TRM NUSTAR","DIESEL #2",39479,1184363,276351,0,0,59219,1302799,345439,Available,Available,Available,150%,110%,125%,"On Target","Below Trend","Below Trend","06/03 00:00:00 PDT","07/01 00:00:00 PDT",0,"2015-06-03 00:00:00",25,1,1,1,1
"2015-06-03 00:00:00",0,0,0,0,46303,w2,w2,"2015-06-03 00:00:00","PILOT TRAVEL CENTERS LLC : CHV7460761","2778 STOCKTON CA TRM NUSTAR","DIESEL #2",39479,1184363,276351,0,0,59219,1302799,345439,Available,Available,Available,150%,110%,125%,"Below Trend","On Target","Below Trend","06/04 00:00:00 PDT","07/01 00:00:00 PDT",0,"2015-06-10 00:00:00",52,1,1,0,0
"2015-06-04 00:00:00",7702,7702,7702,46303,92606,w2,w2,"2015-06-04 00:00:00","PILOT TRAVEL CENTERS LLC : CHV7460761","2778 STOCKTON CA TRM NUSTAR","DIESEL #2",39479,1184363,276351,0,0,59219,1302799,345439,Available,Available,Available,150%,110%,125%,"Above Trend","On Target","Above Trend","06/05 00:00:00 PDT","07/01 00:00:00 PDT",0,"2015-06-10 00:00:00",79,0,0,0,0
"2015-06-05 00:00:00",15505,15505,0,61808,108111,w2,w2,"2015-06-05 00:00:00","PILOT TRAVEL CENTERS LLC : CHV7460761","2778 STOCKTON CA TRM NUSTAR","DIESEL #2",39479,1184363,276351,1,1,59219,1302799,345439,Available,Available,Available,150%,110%,125%,"Below Trend","On Target","On Target","06/06 00:00:00 PDT","07/01 00:00:00 PDT",0,"2015-06-10 00:00:00",106,0,0,0,0
"2015-06-06 00:00:00",0,0,0,0,0,w3,w2,"2015-06-06 00:00:00","PILOT TRAVEL CENTERS LLC : CHV7460761","2778 STOCKTON CA TRM NUSTAR","DIESEL #2",0,0,0,0,0,0,0,0,0,0,0,0,0,0,0,0,0,0,0,1,"2015-06-10 00:00:00",0,1,0,0,0
"2015-06-07 00:00:00",0,0,0,0,0,w3,w2,"2015-06-07 00:00:00","PILOT TRAVEL CENTERS LLC : CHV7460761","2778 STOCKTON CA TRM NUSTAR","DIESEL #2",0,0,0,0,0,0,0,0,0,0,0,0,0,0,0,0,0,0,0,1,"2015-06-10 00:00:00",0,1,0,0,0
"2015-06-08 00:00:00",7800,7800,7800,138914,185217,w3,w2,"2015-06-08 00:00:00","PILOT TRAVEL CENTERS LLC : CHV7460761","2778 STOCKTON CA TRM NUSTAR","DIESEL #2",39479,1184363,276351,0,0,59219,1302799,345439,Available,Available,Available,150%,110%,125%,"Below Trend","On Target","On Target","06/08 00:00:00 PDT","07/01 00:00:00 PDT",0,"2015-06-10 00:00:00",133,0,0,0,0
"2015-06-09 00:00:00",0,0,0,0,0,w4,w2,"2015-06-09 00:00:00","PILOT TRAVEL CENTERS LLC : CHV7460761","2778 STOCKTON CA TRM NUSTAR","DIESEL #2",0,0,0,0,0,0,0,0,0,0,0,0,0,0,0,0,0,0,0,1,"2015-06-10 00:00:00",0,1,0,0,0
"2015-06-10 00:00:00",46206,46206,46206,216020,262323,w4,w2,"2015-06-10 00:00:00","PILOT TRAVEL CENTERS LLC : CHV7460761","2778 STOCKTON CA TRM NUSTAR","DIESEL #2",39479,1184363,276351,0,0,59219,1302799,345439,Limited,Available,Limited,150%,110%,125%,"Above Trend","On Target","On Target","06/10 00:00:00 PDT","07/01 00:00:00 PDT",0,"2015-06-10 00:00:00",163,0,0,0,0
"2015-06-11 00:00:00",30612,30612,0,30612,292935,w5,w3,"2015-06-11 00:00:00","PILOT TRAVEL CENTERS LLC : CHV7460761","2778 STOCKTON CA TRM NUSTAR","DIESEL #2",39479,1184363,276351,1,1,59219,1302799,345439,Available,Available,Available,150%,110%,125%,"Below Trend","On Target","On Target","06/12 00:00:00 PDT","07/01 00:00:00 PDT",0,"2015-06-17 00:00:00",190,1,1,0,0
"2015-06-12 00:00:00",0,0,0,0,0,w6,w3,"2015-06-12 00:00:00","PILOT TRAVEL CENTERS LLC : CHV7460761","2778 STOCKTON CA TRM NUSTAR","DIESEL #2",0,0,0,0,0,0,0,0,0,0,0,0,0,0,0,0,0,0,0,1,"2015-06-17 00:00:00",0,1,0,0,0
"2015-06-13 00:00:00",7600,7600,7600,91923,354246,w6,w3,"2015-06-13 00:00:00","PILOT TRAVEL CENTERS LLC : CHV7460761","2778 STOCKTON CA TRM NUSTAR","DIESEL #2",39479,1184363,276351,0,0,59219,1302799,345439,Available,Available,Available,150%,110%,125%,"Below Trend","On Target","On Target","06/14 00:00:00 PDT","07/01 00:00:00 PDT",0,"2015-06-17 00:00:00",217,0,0,0,0
"2015-06-14 00:00:00",15400,15400,15400,107323,369646,w6,w3,"2015-06-14 00:00:00","PILOT TRAVEL CENTERS LLC : CHV7460761","2778 STOCKTON CA TRM NUSTAR","DIESEL #2",39479,1184363,276351,0,0,59219,1302799,345439,Available,Available,Available,150%,110%,125%,"On Target","On Target","On Target","06/15 00:00:00 PDT","07/01 00:00:00 PDT",0,"2015-06-17 00:00:00",244,0,0,0,0
"2015-06-15 00:00:00",7600,7600,7600,114923,377246,w6,w3,"2015-06-15 00:00:00","PILOT TRAVEL CENTERS LLC : CHV7460761","2778 STOCKTON CA TRM NUSTAR","DIESEL #2",39479,1184363,276351,0,0,59219,1302799,345439,Available,Available,Available,150%,110%,125%,"Below Trend","On Target","On Target","06/16 00:00:00 PDT","07/01 00:00:00 PDT",0,"2015-06-17 00:00:00",271,0,0,0,0
"2015-06-16 00:00:00",7600,7600,0,122523,384846,w6,w3,"2015-06-16 00:00:00","PILOT TRAVEL CENTERS LLC : CHV7460761","2778 STOCKTON CA TRM NUSTAR","DIESEL #2",39479,1184363,276351,1,1,59219,1302799,345439,Available,Available,Available,150%,110%,125%,"Below Trend","On Target","On Target","06/17 00:00:00 PDT","07/01 00:00:00 PDT",0,"2015-06-17 00:00:00",298,0,0,0,0
"2015-06-17 00:00:00",0,0,0,0,384846,w7,w4,"2015-06-17 00:00:00","PILOT TRAVEL CENTERS LLC : CHV7460761","2778 STOCKTON CA TRM NUSTAR","DIESEL #2",39479,1184363,276351,0,0,59219,1302799,345439,Available,Available,Available,150%,110%,125%,"Below Trend","On Target","Below Trend","06/18 00:00:00 PDT","07/01 00:00:00 PDT",0,"2015-06-24 00:00:00",325,1,1,0,0
"2015-06-18 00:00:00",7600,7600,7600,15200,400046,w7,w4,"2015-06-18 00:00:00","PILOT TRAVEL CENTERS LLC : CHV7460761","2778 STOCKTON CA TRM NUSTAR","DIESEL #2",39479,1184363,276351,0,0,59219,1302799,345439,Available,Available,Available,150%,110%,125%,"Below Trend","On Target","Below Trend","06/19 00:00:00 PDT","07/01 00:00:00 PDT",0,"2015-06-24 00:00:00",352,0,0,0,0
"2015-06-19 00:00:00",0,0,0,15200,400046,w7,w4,"2015-06-19 00:00:00","PILOT TRAVEL CENTERS LLC : CHV7460761","2778 STOCKTON CA TRM NUSTAR","DIESEL #2",39479,1184363,276351,0,0,59219,1302799,345439,Available,Available,Available,150%,110%,125%,"Below Trend","On Target","Below Trend","06/20 00:00:00 PDT","07/01 00:00:00 PDT",0,"2015-06-24 00:00:00",379,0,0,0,0
"2015-06-20 00:00:00",0,0,0,15200,400046,w7,w4,"2015-06-20 00:00:00","PILOT TRAVEL CENTERS LLC : CHV7460761","2778 STOCKTON CA TRM NUSTAR","DIESEL #2",39479,1184363,276351,0,0,59219,1302799,345439,Available,Available,Available,150%,110%,125%,"Below Trend","On Target","Below Trend","06/21 00:00:00 PDT","07/01 00:00:00 PDT",0,"2015-06-24 00:00:00",406,0,0,0,0
"2015-06-21 00:00:00",0,0,0,15200,400046,w7,w4,"2015-06-21 00:00:00","PILOT TRAVEL CENTERS LLC : CHV7460761","2778 STOCKTON CA TRM NUSTAR","DIESEL #2",39479,1184363,276351,0,0,59219,1302799,345439,Available,Available,Available,150%,110%,125%,"Below Trend","On Target","Below Trend","06/22 00:00:00 PDT","07/01 00:00:00 PDT",0,"2015-06-24 00:00:00",433,0,0,0,0
"2015-06-22 00:00:00",0,0,0,15200,400046,w7,w4,"2015-06-22 00:00:00","PILOT TRAVEL CENTERS LLC : CHV7460761","2778 STOCKTON CA TRM NUSTAR","DIESEL #2",39479,1184363,276351,0,0,59219,1302799,345439,Available,Available,Available,150%,110%,125%,"Below Trend","On Target","Below Trend","06/23 00:00:00 PDT","07/01 00:00:00 PDT",0,"2015-06-24 00:00:00",460,0,0,0,0
"2015-06-23 00:00:00",0,0,0,15200,400046,w7,w4,"2015-06-23 00:00:00","PILOT TRAVEL CENTERS LLC : CHV7460761","2778 STOCKTON CA TRM NUSTAR","DIESEL #2",39479,1184363,276351,0,0,59219,1302799,345439,Available,Available,Available,150%,110%,125%,"Below Trend","On Target","Below Trend","06/24 00:00:00 PDT","07/01 00:00:00 PDT",0,"2015-06-24 00:00:00",487,0,0,0,0
"2015-06-24 00:00:00",0,0,0,0,400046,w8,w5,"2015-06-24 00:00:00","PILOT TRAVEL CENTERS LLC : CHV7460761","2778 STOCKTON CA TRM NUSTAR","DIESEL #2",39479,1184363,276351,0,0,59219,1302799,345439,Available,Available,Available,150%,110%,125%,"Below Trend","On Target","Below Trend","06/25 00:00:00 PDT","07/01 00:00:00 PDT",0,"2015-07-01 00:00:00",513,1,1,0,0
"2015-06-25 00:00:00",0,0,0,0,400046,w8,w5,"2015-06-25 00:00:00","PILOT TRAVEL CENTERS LLC : CHV7460761","2778 STOCKTON CA TRM NUSTAR","DIESEL #2",39479,1184363,276351,0,0,59219,1302799,345439,Available,Available,Available,150%,110%,125%,"Below Trend","On Target","Below Trend","06/26 00:00:00 PDT","07/01 00:00:00 PDT",0,"2015-07-01 00:00:00",539,1,1,0,0
"2015-06-26 00:00:00",0,0,0,0,400046,w8,w5,"2015-06-26 00:00:00","PILOT TRAVEL CENTERS LLC : CHV7460761","2778 STOCKTON CA TRM NUSTAR","DIESEL #2",39479,1184363,276351,0,0,59219,1302799,345439,Available,Available,Available,150%,110%,125%,"Below Trend","On Target","Below Trend","06/27 00:00:00 PDT","07/01 00:00:00 PDT",0,"2015-07-01 00:00:00",565,1,1,0,0
"2015-06-27 00:00:00",0,0,0,0,400046,w8,w5,"2015-06-27 00:00:00","PILOT TRAVEL CENTERS LLC : CHV7460761","2778 STOCKTON CA TRM NUSTAR","DIESEL #2",39479,1184363,276351,0,0,59219,1302799,345439,Available,Available,Available,150%,110%,125%,"Below Trend","On Target","Below Trend","06/28 00:00:00 PDT","07/01 00:00:00 PDT",0,"2015-07-01 00:00:00",591,1,1,0,0
"2015-06-28 00:00:00",0,0,0,0,400046,w8,w5,"2015-06-28 00:00:00","PILOT TRAVEL CENTERS LLC : CHV7460761","2778 STOCKTON CA TRM NUSTAR","DIESEL #2",39479,1184363,276351,0,0,59219,1302799,345439,Available,Available,Available,150%,110%,125%,"Below Trend","On Target","Below Trend","06/29 00:00:00 PDT","07/01 00:00:00 PDT",0,"2015-07-01 00:00:00",617,1,1,0,0
"2015-06-29 00:00:00",0,0,0,0,400046,w8,w5,"2015-06-29 00:00:00","PILOT TRAVEL CENTERS LLC : CHV7460761","2778 STOCKTON CA TRM NUSTAR","DIESEL #2",39479,1184363,276351,0,0,59219,1302799,345439,Available,Available,Available,150%,110%,125%,"Below Trend","On Target","Below Trend","06/30 00:00:00 PDT","07/01 00:00:00 PDT",0,"2015-07-01 00:00:00",643,1,1,0,0
"2015-06-30 00:00:00",0,0,0,0,400046,w8,w5,"2015-06-30 00:00:00","PILOT TRAVEL CENTERS LLC : CHV7460761","2778 STOCKTON CA TRM NUSTAR","DIESEL #2",39479,1184363,276351,0,0,59219,1302799,345439,Available,Available,Available,150%,110%,125%,"Below Trend","On Target","Below Trend","07/01 00:00:00 PDT","07/01 00:00:00 PDT",0,"2015-07-01 00:00:00",669,1,1,0,0
"2015-06-01 00:00:00",0,0,0,0,0,w1,w1,"2015-06-01 00:00:00","PILOT TRAVEL CENTERS LLC : CHV7460761","3351 PHOENIX AZ TRM KINDER MORGAN","DIESEL #2",0,0,0,0,0,0,0,0,0,0,0,0,0,0,0,0,0,0,0,1,"2015-06-03 00:00:00",0,1,1,1,1
"2015-06-02 00:00:00",0,0,0,123989,28800,w1,w1,"2015-06-02 00:00:00","PILOT TRAVEL CENTERS LLC : CHV7460761","3351 PHOENIX AZ TRM KINDER MORGAN","DIESEL #2",14333,430000,100333,0,0,28666,473000,125416,Available,Available,Low,200%,110%,125%,"Below Trend","Above Trend","Above Trend","06/03 00:00:00 MDT","07/01 00:00:00 MDT",0,"2015-06-03 00:00:00",26,0,0,0,0
"2015-06-03 00:00:00",0,0,0,0,36100,w2,w2,"2015-06-03 00:00:00","PILOT TRAVEL CENTERS LLC : CHV7460761","3351 PHOENIX AZ TRM KINDER MORGAN","DIESEL #2",14333,430000,100333,0,0,28666,473000,125416,Available,Available,Available,200%,110%,125%,"Below Trend","Above Trend","Below Trend","06/04 00:00:00 MDT","07/01 00:00:00 MDT",0,"2015-06-10 00:00:00",53,1,1,0,0
"2015-06-04 00:00:00",0,0,0,29000,65100,w2,w2,"2015-06-04 00:00:00","PILOT TRAVEL CENTERS LLC : CHV7460761","3351 PHOENIX AZ TRM KINDER MORGAN","DIESEL #2",14333,430000,100333,0,0,28666,473000,125416,Available,Available,Available,200%,110%,125%,"Below Trend","Above Trend","Above Trend","06/05 00:00:00 MDT","07/01 00:00:00 MDT",0,"2015-06-10 00:00:00",80,0,0,0,0
"2015-06-05 00:00:00",17900,17900,0,46900,83000,w2,w2,"2015-06-05 00:00:00","PILOT TRAVEL CENTERS LLC : CHV7460761","3351 PHOENIX AZ TRM KINDER MORGAN","DIESEL #2",14333,430000,100333,1,1,28666,473000,125416,Available,Available,Available,200%,110%,125%,"Below Trend","Above Trend","Above Trend","06/06 00:00:00 MDT","07/01 00:00:00 MDT",0,"2015-06-10 00:00:00",107,0,0,0,0
"2015-06-06 00:00:00",0,0,0,0,0,w3,w2,"2015-06-06 00:00:00","PILOT TRAVEL CENTERS LLC : CHV7460761","3351 PHOENIX AZ TRM KINDER MORGAN","DIESEL #2",0,0,0,0,0,0,0,0,0,0,0,0,0,0,0,0,0,0,0,1,"2015-06-10 00:00:00",0,1,0,0,0
"2015-06-07 00:00:00",0,0,0,0,0,w3,w2,"2015-06-07 00:00:00","PILOT TRAVEL CENTERS LLC : CHV7460761","3351 PHOENIX AZ TRM KINDER MORGAN","DIESEL #2",0,0,0,0,0,0,0,0,0,0,0,0,0,0,0,0,0,0,0,1,"2015-06-10 00:00:00",0,1,0,0,0
"2015-06-08 00:00:00",7500,7500,7500,79601,115701,w3,w2,"2015-06-08 00:00:00","PILOT TRAVEL CENTERS LLC : CHV7460761","3351 PHOENIX AZ TRM KINDER MORGAN","DIESEL #2",14333,430000,100333,0,0,28666,473000,125416,Available,Available,Limited,200%,110%,125%,"On Target","Above Trend","Above Trend","06/08 00:00:00 MDT","07/01 00:00:00 MDT",0,"2015-06-10 00:00:00",134,0,0,0,0
"2015-06-09 00:00:00",0,0,0,0,0,w4,w2,"2015-06-09 00:00:00","PILOT TRAVEL CENTERS LLC : CHV7460761","3351 PHOENIX AZ TRM KINDER MORGAN","DIESEL #2",0,0,0,0,0,0,0,0,0,0,0,0,0,0,0,0,0,0,0,1,"2015-06-10 00:00:00",0,1,0,0,0
"2015-06-10 00:00:00",22425,22425,22425,129191,165291,w4,w2,"2015-06-10 00:00:00","PILOT TRAVEL CENTERS LLC : CHV7460761","3351 PHOENIX AZ TRM KINDER MORGAN","DIESEL #2",14333,430000,100333,0,0,28666,473000,125416,Limited,Available,Out,200%,110%,125%,"Above Trend","Above Trend","Above Trend","06/10 00:00:00 MDT","07/01 00:00:00 MDT",0,"2015-06-10 00:00:00",164,0,0,0,0
"2015-06-11 00:00:00",7500,7500,0,7500,172791,w5,w3,"2015-06-11 00:00:00","PILOT TRAVEL CENTERS LLC : CHV7460761","3351 PHOENIX AZ TRM KINDER MORGAN","DIESEL #2",14333,430000,100333,1,1,28666,473000,125416,Available,Available,Available,200%,110%,125%,"Below Trend","Above Trend","On Target","06/12 00:00:00 MDT","07/01 00:00:00 MDT",0,"2015-06-17 00:00:00",191,1,1,0,0
"2015-06-12 00:00:00",0,0,0,0,0,w6,w3,"2015-06-12 00:00:00","PILOT TRAVEL CENTERS LLC : CHV7460761","3351 PHOENIX AZ TRM KINDER MORGAN","DIESEL #2",0,0,0,0,0,0,0,0,0,0,0,0,0,0,0,0,0,0,0,1,"2015-06-17 00:00:00",0,1,0,0,0
"2015-06-13 00:00:00",0,0,0,66058,231349,w6,w3,"2015-06-13 00:00:00","PILOT TRAVEL CENTERS LLC : CHV7460761","3351 PHOENIX AZ TRM KINDER MORGAN","DIESEL #2",14333,430000,100333,0,0,28666,473000,125416,Available,Available,Limited,200%,110%,125%,"Below Trend","Above Trend","Above Trend","06/14 00:00:00 MDT","07/01 00:00:00 MDT",0,"2015-06-17 00:00:00",218,0,0,0,0
"2015-06-14 00:00:00",4900,4900,4900,70958,236249,w6,w3,"2015-06-14 00:00:00","PILOT TRAVEL CENTERS LLC : CHV7460761","3351 PHOENIX AZ TRM KINDER MORGAN","DIESEL #2",14333,430000,100333,0,0,28666,473000,125416,Available,Available,Limited,200%,110%,125%,"Below Trend","Above Trend","Above Trend","06/15 00:00:00 MDT","07/01 00:00:00 MDT",0,"2015-06-17 00:00:00",245,0,0,0,0
"2015-06-15 00:00:00",5250,5250,5250,76208,241499,w6,w3,"2015-06-15 00:00:00","PILOT TRAVEL CENTERS LLC : CHV7460761","3351 PHOENIX AZ TRM KINDER MORGAN","DIESEL #2",14333,430000,100333,0,0,28666,473000,125416,Available,Limited,Limited,200%,110%,125%,"On Target","Above Trend","On Target","06/16 00:00:00 MDT","07/01 00:00:00 MDT",0,"2015-06-17 00:00:00",272,0,0,0,0
"2015-06-16 00:00:00",34902,34902,34902,111110,276401,w6,w3,"2015-06-16 00:00:00","PILOT TRAVEL CENTERS LLC : CHV7460761","3351 PHOENIX AZ TRM KINDER MORGAN","DIESEL #2",14333,430000,100333,0,0,28666,473000,125416,Out,Limited,Low,200%,110%,125%,"Above Trend","Above Trend","Above Trend","06/17 00:00:00 MDT","07/01 00:00:00 MDT",0,"2015-06-17 00:00:00",299,0,0,0,0
"2015-06-17 00:00:00",37410,37410,37410,37410,313811,w7,w4,"2015-06-17 00:00:00","PILOT TRAVEL CENTERS LLC : CHV7460761","3351 PHOENIX AZ TRM KINDER MORGAN","DIESEL #2",14333,430000,100333,0,0,28666,473000,125416,Out,Limited,Available,200%,110%,125%,"Above Trend","Above Trend","Above Trend","06/18 00:00:00 MDT","07/01 00:00:00 MDT",0,"2015-06-24 00:00:00",326,1,1,0,0
"2015-06-18 00:00:00",7500,7500,7500,44910,321311,w7,w4,"2015-06-18 00:00:00","PILOT TRAVEL CENTERS LLC : CHV7460761","3351 PHOENIX AZ TRM KINDER MORGAN","DIESEL #2",14333,430000,100333,0,0,28666,473000,125416,Limited,Limited,Available,200%,110%,125%,"On Target","Above Trend","Above Trend","06/19 00:00:00 MDT","07/01 00:00:00 MDT",0,"2015-06-24 00:00:00",353,1,1,0,0
"2015-06-19 00:00:00",28950,28950,28950,73860,350261,w7,w4,"2015-06-19 00:00:00","PILOT TRAVEL CENTERS LLC : CHV7460761","3351 PHOENIX AZ TRM KINDER MORGAN","DIESEL #2",14333,430000,100333,0,0,28666,473000,125416,Out,Limited,Limited,200%,110%,125%,"Above Trend","Above Trend","Above Trend","06/20 00:00:00 MDT","07/01 00:00:00 MDT",0,"2015-06-24 00:00:00",380,1,1,0,0
"2015-06-20 00:00:00",7500,7500,7500,81360,357761,w7,w4,"2015-06-20 00:00:00","PILOT TRAVEL CENTERS LLC : CHV7460761","3351 PHOENIX AZ TRM KINDER MORGAN","DIESEL #2",14333,430000,100333,0,0,28666,473000,125416,Available,Limited,Limited,200%,110%,125%,"On Target","Above Trend","Above Trend","06/21 00:00:00 MDT","07/01 00:00:00 MDT",0,"2015-06-24 00:00:00",407,1,1,0,0
"2015-06-21 00:00:00",7500,7500,7500,88860,365261,w7,w4,"2015-06-21 00:00:00","PILOT TRAVEL CENTERS LLC : CHV7460761","3351 PHOENIX AZ TRM KINDER MORGAN","DIESEL #2",14333,430000,100333,0,0,28666,473000,125416,Available,Limited,Limited,200%,110%,125%,"On Target","Above Trend","Above Trend","06/22 00:00:00 MDT","07/01 00:00:00 MDT",0,"2015-06-24 00:00:00",434,1,1,0,0
"2015-06-22 00:00:00",15020,15020,15020,103880,380281,w7,w4,"2015-06-22 00:00:00","PILOT TRAVEL CENTERS LLC : CHV7460761","3351 PHOENIX AZ TRM KINDER MORGAN","DIESEL #2",14333,430000,100333,0,0,28666,473000,125416,Limited,Low,Low,200%,110%,125%,"On Target","Above Trend","Above Trend","06/23 00:00:00 MDT","07/01 00:00:00 MDT",0,"2015-06-24 00:00:00",461,1,1,0,0
"2015-06-23 00:00:00",7503,7503,7503,111383,387784,w7,w4,"2015-06-23 00:00:00","PILOT TRAVEL CENTERS LLC : CHV7460761","3351 PHOENIX AZ TRM KINDER MORGAN","DIESEL #2",14333,430000,100333,0,0,28666,473000,125416,Available,Low,Low,200%,110%,125%,"On Target","Above Trend","Above Trend","06/24 00:00:00 MDT","07/01 00:00:00 MDT",0,"2015-06-24 00:00:00",488,1,1,0,0
"2015-06-24 00:00:00",14900,14900,14900,14900,402684,w8,w5,"2015-06-24 00:00:00","PILOT TRAVEL CENTERS LLC : CHV7460761","3351 PHOENIX AZ TRM KINDER MORGAN","DIESEL #2",14333,430000,100333,0,0,28666,473000,125416,Limited,Low,Available,200%,110%,125%,"On Target","Above Trend","Above Trend","06/25 00:00:00 MDT","07/01 00:00:00 MDT",0,"2015-07-01 00:00:00",514,1,1,0,0
"2015-06-25 00:00:00",15075,15075,15075,29975,417759,w8,w5,"2015-06-25 00:00:00","PILOT TRAVEL CENTERS LLC : CHV7460761","3351 PHOENIX AZ TRM KINDER MORGAN","DIESEL #2",14333,430000,100333,0,0,28666,473000,125416,Limited,Low,Available,200%,110%,125%,"On Target","Above Trend","Above Trend","06/26 00:00:00 MDT","07/01 00:00:00 MDT",0,"2015-07-01 00:00:00",540,1,1,0,0
"2015-06-26 00:00:00",20400,20400,20400,50375,438159,w8,w5,"2015-06-26 00:00:00","PILOT TRAVEL CENTERS LLC : CHV7460761","3351 PHOENIX AZ TRM KINDER MORGAN","DIESEL #2",14333,430000,100333,0,0,28666,473000,125416,Limited,Low,Available,200%,110%,125%,"On Target","Above Trend","Above Trend","06/27 00:00:00 MDT","07/01 00:00:00 MDT",0,"2015-07-01 00:00:00",566,1,1,0,0
"2015-06-27 00:00:00",16100,16100,16100,66475,454259,w8,w5,"2015-06-27 00:00:00","PILOT TRAVEL CENTERS LLC : CHV7460761","3351 PHOENIX AZ TRM KINDER MORGAN","DIESEL #2",14333,430000,100333,0,0,28666,473000,125416,Limited,Low,Limited,200%,110%,125%,"On Target","Above Trend","Above Trend","06/28 00:00:00 MDT","07/01 00:00:00 MDT",0,"2015-07-01 00:00:00",592,1,1,0,0
"2015-06-28 00:00:00",3600,3600,3600,70075,457859,w8,w5,"2015-06-28 00:00:00","PILOT TRAVEL CENTERS LLC : CHV7460761","3351 PHOENIX AZ TRM KINDER MORGAN","DIESEL #2",14333,430000,100333,0,0,28666,473000,125416,Available,Low,Limited,200%,110%,125%,"Below Trend","Above Trend","On Target","06/29 00:00:00 MDT","07/01 00:00:00 MDT",0,"2015-07-01 00:00:00",618,1,1,0,0
"2015-06-29 00:00:00",23430,23430,23430,93505,481289,w8,w5,"2015-06-29 00:00:00","PILOT TRAVEL CENTERS LLC : CHV7460761","3351 PHOENIX AZ TRM KINDER MORGAN","DIESEL #2",14333,430000,100333,0,0,28666,473000,125416,Limited,Low,Limited,200%,110%,125%,"Above Trend","Above Trend","Above Trend","06/30 00:00:00 MDT","07/01 00:00:00 MDT",0,"2015-07-01 00:00:00",644,1,1,0,0
"2015-06-30 00:00:00",0,0,0,93505,481289,w8,w5,"2015-06-30 00:00:00","PILOT TRAVEL CENTERS LLC : CHV7460761","3351 PHOENIX AZ TRM KINDER MORGAN","DIESEL #2",14333,430000,100333,0,0,28666,473000,125416,Available,Low,Limited,200%,110%,125%,"Below Trend","Above Trend","On Target","07/01 00:00:00 MDT","07/01 00:00:00 MDT",0,"2015-07-01 00:00:00",670,1,1,0,0
